Extraversion,Observant,Thinking,Judging,Age,way of watching movies,Action,Adventure,Animated,Comedy,Historical,Fantasy,Horror,Science fiction,Documentary,Gender_Female,Gender_Male,Gender_Non-binary / third gender,Entertaining,relaxing,funny,express my feelings,educating,education_bachelor,education_high school or below,education_master or above,Major_arts-related,Major_business-related,Major_engineering and techonology,Major_environment-related,Major_literature language and social sciences,Major_science and math-related,subscription_Never,subscription_Somtimes,subscription_Yes,Frequency_6-10 times a year,Frequency_fewer than 5 times a year,Frequency_more than 10 times a year,number_0-20,number_21-40,number_over 40,with_With friends,with_alone,with_with boyfriend/girlfriend,with_with family,Actor/actress,director,advertisements,genres,previews,comment
71,64,58,93,23.0,0,5,5,3,4,1,4,3,5,2,0,1,0,1.0,1.0,0.0,1.0,0.0,0,0,1,0,0,1,0,0,0,0,0,1,0,1,0,1,0,0,1,0,0,0,1.0,1.0,0.0,1.0,0.0,0.0
51,78,76,58,21.0,1,4,2,2,3,4,2,1,4,3,0,1,0,1.0,1.0,0.0,1.0,0.0,0,0,1,0,0,1,0,0,0,0,0,1,1,0,0,0,1,0,1,0,0,0,1.0,1.0,0.0,0.0,1.0,0.0
57,63,33,39,21.0,0,2,4,5,4,1,5,4,4,4,1,0,0,1.0,1.0,1.0,0.0,0.0,1,0,0,0,0,0,0,0,1,0,1,0,0,1,0,1,0,0,0,0,1,0,1.0,0.0,0.0,0.0,1.0,1.0
83,16,65,51,23.0,0,2,2,5,5,2,4,1,3,3,1,0,0,1.0,1.0,1.0,0.0,0.0,0,0,1,0,0,0,0,0,1,0,1,0,0,1,0,1,0,0,0,0,1,0,1.0,0.0,0.0,1.0,0.0,1.0
25,59,68,32,22.0,0,4,4,2,2,2,4,2,5,2,0,1,0,0.0,1.0,0.0,0.0,0.0,1,0,0,0,0,0,0,0,1,0,1,0,0,1,0,1,0,0,0,0,1,0,0.0,0.0,0.0,1.0,1.0,1.0
38,75,83,47,22.0,1,4,4,4,4,3,4,2,5,3,0,1,0,1.0,1.0,0.0,0.0,0.0,0,0,1,0,1,0,0,0,0,1,0,0,0,0,1,1,0,0,0,0,1,0,1.0,0.0,0.0,1.0,0.0,1.0
29,49,30,53,23.0,1,4,3,4,4,2,4,3,3,3,0,1,0,1.0,1.0,0.0,1.0,0.0,0,0,1,0,1,0,0,0,0,0,0,1,0,0,1,0,1,0,1,0,0,0,0.0,0.0,0.0,1.0,1.0,1.0
36,58,40,43,23.0,1,4,4,4,4,4,5,1,3,4,1,0,0,1.0,1.0,0.0,1.0,0.0,0,0,1,0,0,0,1,0,0,0,1,0,1,0,0,1,0,0,0,0,1,0,0.0,1.0,0.0,1.0,0.0,1.0
67,70,49,61,21.0,0,3,4,3,4,3,4,3,3,3,1,0,0,1.0,1.0,1.0,0.0,0.0,1,0,0,0,0,0,0,0,1,0,1,0,1,0,0,1,0,0,1,0,0,0,1.0,0.0,0.0,1.0,0.0,1.0
70,64,59,68,23.0,1,2,5,3,4,3,5,1,4,4,1,0,0,1.0,1.0,0.0,1.0,0.0,0,0,1,0,0,0,0,0,1,0,0,1,1,0,0,1,0,0,1,0,0,0,0.0,0.0,0.0,1.0,1.0,1.0
54,60,40,44,22.0,1,3,4,4,4,3,5,3,4,4,0,1,0,0.0,1.0,0.0,0.0,0.0,1,0,0,0,0,0,0,0,1,0,0,1,0,0,1,0,1,0,0,0,1,0,1.0,0.0,0.0,1.0,1.0,0.0
12,82,79,28,30.0,0,2,2,4,4,5,5,2,2,4,1,0,0,1.0,0.0,0.0,0.0,1.0,0,0,1,0,0,0,0,1,0,0,1,0,0,1,0,1,0,0,0,1,0,0,0.0,0.0,0.0,1.0,1.0,1.0
53,64,37,29,21.0,0,2,2,1,4,4,4,4,4,5,1,0,0,0.0,1.0,0.0,0.0,0.0,1,0,0,1,0,0,0,0,0,0,1,0,1,0,0,1,0,0,1,0,0,0,1.0,0.0,1.0,0.0,1.0,0.0
36,35,47,76,23.0,1,2,2,3,4,3,5,1,4,4,1,0,0,1.0,1.0,0.0,1.0,0.0,1,0,0,0,0,0,1,0,0,1,0,0,1,0,0,1,0,0,1,0,0,0,0.0,0.0,0.0,1.0,1.0,1.0
43,49,37,60,19.0,1,4,4,4,4,3,5,3,3,3,1,0,0,1.0,1.0,0.0,1.0,0.0,0,1,0,0,0,0,0,1,0,0,1,0,0,0,1,0,1,0,1,0,0,0,1.0,0.0,0.0,1.0,1.0,0.0
63,54,18,78,22.0,1,4,5,4,4,4,5,1,5,4,0,1,0,1.0,1.0,0.0,0.0,0.0,0,0,1,0,0,0,0,0,1,0,0,1,0,0,1,1,0,0,0,1,0,0,1.0,0.0,0.0,1.0,0.0,1.0
29,44,26,63,24.0,0,4,5,3,4,4,5,1,4,4,1,0,0,1.0,1.0,1.0,0.0,0.0,0,0,1,0,0,0,0,1,0,0,1,0,0,0,1,1,0,0,1,0,0,0,1.0,0.0,0.0,1.0,0.0,1.0
43,63,56,56,24.0,0,2,4,3,4,2,2,2,4,4,0,1,0,0.0,1.0,0.0,0.0,0.0,0,0,1,0,0,0,0,0,1,0,1,0,0,1,0,1,0,0,1,0,0,0,0.0,0.0,1.0,1.0,1.0,0.0
29,53,29,49,23.0,1,2,3,4,4,3,4,1,1,3,1,0,0,0.0,0.0,1.0,0.0,0.0,0,0,1,0,0,0,0,1,0,0,0,1,0,0,1,0,0,1,0,0,1,0,1.0,0.0,1.0,0.0,0.0,1.0
49,39,19,13,23.0,0,1,3,3,4,3,4,2,4,4,1,0,0,1.0,1.0,0.0,0.0,1.0,1,0,0,0,0,0,0,0,1,0,0,1,1,0,0,0,0,1,0,1,0,0,1.0,0.0,0.0,1.0,0.0,1.0
6,54,47,14,22.0,1,3,3,5,4,3,5,1,3,3,1,0,0,1.0,1.0,0.0,0.0,0.0,0,0,1,0,1,0,0,0,0,1,0,0,0,0,1,0,1,0,0,1,0,0,0.0,1.0,1.0,0.0,0.0,1.0
53,73,66,71,23.0,0,4,4,4,5,4,4,3,5,3,0,1,0,1.0,1.0,1.0,0.0,0.0,0,0,1,0,0,1,0,0,0,0,1,0,1,0,0,0,1,0,1,0,0,0,1.0,1.0,0.0,1.0,0.0,0.0
51,70,49,51,24.0,1,4,5,5,3,4,3,1,4,4,0,1,0,1.0,1.0,1.0,0.0,0.0,0,0,1,0,0,1,0,0,0,0,1,0,1,0,0,1,0,0,0,0,1,0,0.0,0.0,0.0,1.0,1.0,1.0
46,67,40,30,20.0,0,3,3,3,3,3,3,3,3,3,1,0,0,1.0,0.0,0.0,0.0,0.0,1,0,0,0,0,0,0,0,1,0,0,1,0,0,1,0,0,1,0,1,0,0,1.0,0.0,0.0,1.0,0.0,1.0
29,35,36,56,23.0,0,3,3,5,3,4,3,2,2,5,1,0,0,1.0,1.0,0.0,1.0,0.0,0,0,1,0,0,0,0,1,0,0,1,0,0,1,0,1,0,0,1,0,0,0,1.0,0.0,0.0,1.0,0.0,1.0
41,42,45,68,21.0,0,3,4,4,4,4,5,1,4,4,1,0,0,1.0,1.0,0.0,0.0,1.0,1,0,0,0,1,0,0,0,0,0,0,1,0,1,0,0,1,0,1,0,0,0,1.0,0.0,0.0,1.0,0.0,1.0
63,59,36,36,23.0,1,3,3,3,4,3,3,2,3,3,1,0,0,1.0,1.0,0.0,0.0,1.0,0,0,1,0,0,0,0,1,0,0,1,0,0,0,1,0,0,1,1,0,0,0,0.0,1.0,0.0,1.0,0.0,1.0
18,31,43,79,23.0,0,3,3,3,5,3,4,2,3,2,1,0,0,1.0,1.0,0.0,0.0,1.0,0,0,1,0,1,0,0,0,0,0,1,0,0,1,0,1,0,0,1,0,0,0,1.0,0.0,0.0,1.0,0.0,1.0
54,26,52,33,23.0,0,3,3,3,3,4,3,4,3,4,1,0,0,1.0,1.0,0.0,0.0,1.0,0,0,1,0,1,0,0,0,0,1,0,0,0,1,0,1,0,0,1,0,0,0,1.0,1.0,0.0,1.0,0.0,0.0
40,61,18,40,24.0,0,4,4,4,3,4,4,4,4,4,1,0,0,0.0,1.0,1.0,1.0,0.0,0,0,1,0,0,0,1,0,0,0,0,1,1,0,0,1,0,0,1,0,0,0,0.0,1.0,1.0,1.0,0.0,0.0
28,51,54,74,22.0,1,2,2,4,4,3,2,1,2,3,1,0,0,1.0,1.0,0.0,0.0,0.0,1,0,0,1,0,0,0,0,0,0,1,0,1,0,0,1,0,0,0,0,1,0,1.0,1.0,0.0,0.0,0.0,1.0
46,45,58,74,23.0,0,3,2,4,4,5,4,2,4,4,1,0,0,1.0,1.0,1.0,0.0,0.0,0,0,1,0,0,0,0,0,1,1,0,0,1,0,0,0,1,0,1,0,0,0,1.0,0.0,1.0,1.0,0.0,0.0
46,45,58,74,23.0,0,4,2,4,4,4,4,2,4,4,1,0,0,0.0,1.0,0.0,1.0,0.0,0,0,1,0,0,0,0,0,1,1,0,0,1,0,0,0,1,0,1,0,0,0,1.0,1.0,0.0,1.0,0.0,0.0
16,41,43,24,23.0,0,3,4,4,3,3,5,4,5,3,1,0,0,1.0,1.0,0.0,0.0,0.0,0,0,1,0,0,0,0,1,0,0,1,0,0,1,0,0,1,0,0,1,0,0,0.0,1.0,0.0,1.0,1.0,0.0
42,38,42,99,24.0,0,3,4,3,4,4,3,1,5,4,0,1,0,0.0,0.0,0.0,0.0,1.0,0,0,1,0,0,1,0,0,0,1,0,0,0,1,0,1,0,0,1,0,0,0,0.0,1.0,0.0,1.0,0.0,1.0
40,35,53,53,25.0,1,5,5,4,5,3,5,4,5,3,0,1,0,1.0,0.0,1.0,1.0,0.0,0,0,1,0,0,0,0,0,1,0,1,0,0,0,1,0,1,0,1,0,0,0,1.0,0.0,1.0,0.0,0.0,1.0
58,46,71,66,22.0,1,5,5,3,4,4,5,5,5,4,1,0,0,1.0,1.0,0.0,0.0,1.0,1,0,0,0,1,0,0,0,0,0,0,1,1,0,0,1,0,0,0,0,0,1,0.0,1.0,0.0,1.0,0.0,1.0
40,70,60,80,21.0,0,2,4,4,2,2,4,4,2,3,1,0,0,1.0,1.0,0.0,0.0,0.0,0,0,1,0,1,0,0,0,0,1,0,0,0,1,0,1,0,0,0,0,1,0,1.0,0.0,0.0,1.0,0.0,1.0
59,49,44,60,20.0,0,5,4,4,5,4,4,2,3,5,1,0,0,1.0,1.0,1.0,0.0,0.0,1,0,0,0,0,0,0,1,0,0,1,0,0,1,0,1,0,0,1,0,0,0,1.0,0.0,0.0,1.0,0.0,1.0
65,50,57,74,21.0,1,4,4,4,4,4,5,3,5,3,0,1,0,1.0,1.0,0.0,1.0,0.0,1,0,0,0,0,1,0,0,0,0,1,0,1,0,0,1,0,0,1,0,0,0,1.0,0.0,0.0,1.0,1.0,0.0
74,52,60,81,20.0,0,1,1,1,1,1,1,1,1,1,1,0,0,0.0,0.0,1.0,0.0,0.0,0,1,0,0,0,1,0,0,0,0,0,1,0,1,0,1,0,0,0,1,0,0,0.0,0.0,0.0,1.0,1.0,1.0
53,57,52,51,20.0,1,3,3,3,3,3,3,3,3,3,0,1,0,0.0,0.0,1.0,0.0,0.0,1,0,0,0,0,1,0,0,0,1,0,0,1,0,0,1,0,0,0,0,0,1,1.0,1.0,0.0,1.0,0.0,0.0
59,51,41,85,20.0,0,3,4,4,5,2,4,3,1,1,0,1,0,0.0,1.0,1.0,0.0,0.0,1,0,0,0,0,1,0,0,0,0,1,0,0,1,0,1,0,0,1,0,0,0,1.0,1.0,0.0,0.0,0.0,1.0
54,51,53,51,19.0,1,3,3,3,3,2,4,4,3,3,1,0,0,0.0,1.0,1.0,1.0,0.0,1,0,0,0,0,1,0,0,0,0,0,1,1,0,0,0,1,0,1,0,0,0,1.0,0.0,0.0,0.0,1.0,1.0
53,55,49,51,20.0,0,4,4,3,4,3,4,3,4,4,0,1,0,1.0,0.0,0.0,0.0,0.0,0,0,1,0,0,1,0,0,0,1,0,0,0,1,0,1,0,0,1,0,0,0,1.0,1.0,0.0,0.0,0.0,1.0
56,50,47,57,19.0,0,5,5,5,3,4,5,5,5,5,0,1,0,0.0,1.0,1.0,0.0,1.0,0,1,0,0,0,1,0,0,0,0,0,1,1,0,0,1,0,0,0,0,0,1,1.0,0.0,1.0,0.0,0.0,1.0
57,58,55,47,20.0,0,4,4,3,5,3,4,4,3,3,1,0,0,1.0,1.0,1.0,0.0,0.0,1,0,0,0,0,1,0,0,0,0,1,0,0,1,0,1,0,0,1,0,0,0,1.0,0.0,0.0,1.0,0.0,1.0
52,48,48,56,21.0,0,5,5,5,5,5,5,5,5,5,0,1,0,1.0,1.0,0.0,0.0,0.0,0,1,0,0,0,1,0,0,0,1,0,0,0,1,0,0,0,1,0,0,1,0,1.0,1.0,0.0,0.0,0.0,1.0
32,47,50,62,20.0,1,4,5,3,5,2,4,3,5,4,0,1,0,1.0,1.0,1.0,0.0,0.0,1,0,0,0,0,1,0,0,0,0,1,0,1,0,0,1,0,0,1,0,0,0,1.0,0.0,0.0,0.0,1.0,1.0
48,52,59,50,20.0,1,4,5,4,4,3,5,4,4,4,1,0,0,0.0,1.0,1.0,1.0,0.0,1,0,0,0,0,1,0,0,0,0,1,0,1,0,0,0,1,0,1,0,0,0,1.0,0.0,0.0,1.0,1.0,0.0
46,73,34,46,42.0,0,3,3,3,5,3,4,3,3,4,1,0,0,0.0,1.0,0.0,0.0,0.0,0,0,1,0,0,0,0,1,0,0,1,0,0,1,0,1,0,0,0,0,0,1,1.0,0.0,0.0,0.0,1.0,1.0
32,57,33,49,19.0,0,4,4,5,4,3,4,2,5,3,0,1,0,1.0,1.0,1.0,0.0,0.0,1,0,0,0,0,1,0,0,0,0,1,0,0,1,0,1,0,0,0,1,0,0,1.0,1.0,0.0,1.0,0.0,0.0
68,33,36,72,48.0,1,3,4,4,4,4,2,4,3,4,1,0,0,0.0,1.0,0.0,0.0,0.0,0,0,1,0,0,0,0,1,0,1,0,0,1,0,0,1,0,0,0,0,0,1,1.0,1.0,0.0,0.0,0.0,1.0
49,63,61,52,21.0,1,2,4,4,4,4,4,1,4,4,1,0,0,0.0,1.0,0.0,0.0,0.0,0,0,1,0,0,0,0,1,0,0,0,1,0,1,0,1,0,0,0,0,0,1,0.0,1.0,1.0,0.0,1.0,0.0
34,54,64,61,19.0,0,4,4,3,4,3,4,1,5,3,1,0,0,1.0,1.0,1.0,0.0,0.0,1,0,0,0,0,1,0,0,0,1,0,0,1,0,0,1,0,0,1,0,0,0,1.0,0.0,0.0,1.0,0.0,1.0
46,80,72,63,22.0,1,1,1,1,3,1,1,1,1,3,0,1,0,1.0,1.0,0.0,0.0,0.0,1,0,0,1,0,0,0,0,0,0,0,1,0,1,0,1,0,0,1,0,0,0,1.0,1.0,0.0,0.0,0.0,1.0
42,56,67,50,36.0,1,4,3,4,4,5,4,4,4,5,0,1,0,1.0,0.0,1.0,1.0,0.0,0,0,1,1,0,0,0,0,0,0,0,1,1,0,0,1,0,0,0,0,0,1,1.0,1.0,1.0,0.0,0.0,0.0
71,66,21,56,20.0,1,4,5,3,4,4,5,3,5,3,0,1,0,0.0,0.0,1.0,0.0,1.0,1,0,0,0,0,1,0,0,0,0,0,1,0,1,0,1,0,0,1,0,0,0,1.0,1.0,0.0,0.0,1.0,0.0
53,59,64,56,47.0,1,4,3,4,4,4,3,3,4,4,0,1,0,1.0,1.0,1.0,0.0,0.0,0,0,1,0,0,0,0,1,0,0,1,0,0,1,0,0,1,0,0,0,0,1,0.0,0.0,0.0,1.0,1.0,1.0
52,22,60,82,20.0,1,4,5,2,4,3,4,4,5,3,0,1,0,0.0,1.0,0.0,1.0,1.0,1,0,0,0,0,1,0,0,0,0,1,0,1,0,0,0,1,0,1,0,0,0,0.0,1.0,0.0,1.0,0.0,1.0
71,44,19,74,23.0,1,4,5,4,4,3,4,4,5,4,1,0,0,0.0,1.0,0.0,0.0,0.0,0,0,1,0,0,0,0,1,0,0,1,0,1,0,0,1,0,0,1,0,0,0,1.0,0.0,0.0,1.0,0.0,1.0
49,46,68,68,19.0,0,2,3,3,4,4,4,4,2,4,1,0,0,0.0,0.0,0.0,0.0,1.0,0,1,0,0,1,0,0,0,0,0,1,0,0,1,0,0,1,0,1,0,0,0,0.0,1.0,1.0,1.0,0.0,0.0
38,66,44,61,25.0,1,3,4,5,5,3,5,3,4,3,1,0,0,1.0,1.0,1.0,0.0,0.0,0,0,1,0,0,0,0,1,0,0,1,0,0,0,1,1,0,0,0,0,1,0,1.0,0.0,0.0,1.0,1.0,0.0
53,58,68,63,21.0,1,3,3,4,4,3,3,3,3,2,0,1,0,1.0,0.0,1.0,0.0,0.0,1,0,0,0,0,1,0,0,0,0,0,1,0,1,0,1,0,0,1,0,0,0,1.0,1.0,0.0,1.0,0.0,0.0
39,29,43,52,22.0,1,2,2,3,2,4,5,3,4,2,1,0,0,0.0,0.0,1.0,1.0,1.0,0,0,1,0,0,0,0,0,1,0,1,0,0,1,0,0,1,0,1,0,0,0,0.0,1.0,1.0,0.0,0.0,1.0
48,49,48,50,19.0,1,3,4,4,3,4,5,3,5,4,0,1,0,1.0,1.0,0.0,0.0,0.0,1,0,0,0,1,0,0,0,0,0,1,0,1,0,0,1,0,0,0,1,0,0,1.0,0.0,1.0,1.0,0.0,0.0
65,70,58,62,20.0,1,4,3,3,4,3,4,2,3,4,1,0,0,1.0,1.0,1.0,0.0,0.0,0,1,0,0,0,1,0,0,0,0,1,0,0,1,0,1,0,0,1,0,0,0,1.0,0.0,0.0,1.0,0.0,1.0
46,51,21,37,19.0,0,3,2,4,5,3,3,1,4,5,1,0,0,1.0,1.0,1.0,0.0,0.0,1,0,0,0,0,1,0,0,0,0,1,0,1,0,0,1,0,0,0,0,0,1,1.0,0.0,1.0,0.0,1.0,0.0
28,64,66,19,22.0,1,1,1,1,2,4,1,1,1,3,1,0,0,1.0,0.0,0.0,0.0,0.0,0,0,1,0,0,0,0,1,0,1,0,0,0,1,0,1,0,0,0,1,0,0,1.0,1.0,0.0,1.0,0.0,0.0
54,42,60,42,20.0,0,3,4,5,4,4,4,4,4,4,1,0,0,1.0,1.0,1.0,0.0,0.0,1,0,0,0,0,0,0,1,0,0,0,1,0,1,0,1,0,0,1,0,0,0,1.0,1.0,0.0,0.0,0.0,1.0
17,52,48,57,21.0,1,5,4,4,4,3,5,3,5,3,0,1,0,0.0,0.0,1.0,0.0,0.0,1,0,0,0,0,1,0,0,0,0,0,1,0,1,0,1,0,0,0,1,0,0,0.0,0.0,1.0,1.0,1.0,0.0
49,68,66,38,18.0,1,4,4,4,4,3,4,4,4,4,0,1,0,1.0,1.0,0.0,0.0,0.0,0,1,0,0,0,1,0,0,0,1,0,0,0,1,0,1,0,0,1,0,0,0,1.0,1.0,0.0,0.0,0.0,1.0
47,40,73,27,24.0,0,3,2,2,4,4,2,2,3,3,1,0,0,0.0,1.0,0.0,0.0,0.0,0,1,0,0,0,0,0,1,0,0,1,0,1,0,0,0,1,0,0,0,0,1,0.0,1.0,1.0,0.0,0.0,1.0
56,52,54,63,21.0,1,3,3,3,3,3,3,3,3,3,1,0,0,1.0,1.0,0.0,1.0,0.0,1,0,0,0,0,0,0,1,0,1,0,0,1,0,0,1,0,0,1,0,0,0,1.0,0.0,0.0,0.0,1.0,1.0
46,55,54,42,21.0,0,3,3,3,4,3,5,4,2,3,1,0,0,1.0,1.0,1.0,0.0,0.0,1,0,0,0,0,0,0,1,0,0,1,0,1,0,0,1,0,0,1,0,0,0,1.0,0.0,0.0,0.0,1.0,1.0
56,24,40,92,20.0,1,2,2,4,5,4,4,1,4,4,1,0,0,1.0,1.0,1.0,0.0,0.0,0,1,0,0,0,0,0,1,0,0,0,1,1,0,0,0,1,0,0,1,0,0,1.0,0.0,0.0,0.0,1.0,1.0
65,60,50,65,20.0,1,4,4,4,4,4,4,4,4,4,1,0,0,1.0,1.0,1.0,0.0,0.0,1,0,0,0,0,0,0,1,0,0,0,1,0,1,0,1,0,0,1,0,0,0,0.0,0.0,1.0,1.0,1.0,0.0
35,41,55,83,19.0,0,2,4,1,5,3,5,1,1,4,1,0,0,1.0,1.0,1.0,0.0,0.0,1,0,0,0,0,0,0,1,0,0,1,0,0,1,0,0,1,0,0,0,0,1,1.0,0.0,1.0,0.0,0.0,1.0
47,39,57,39,20.0,0,3,3,4,4,3,4,4,3,4,1,0,0,1.0,1.0,1.0,0.0,0.0,1,0,0,0,0,0,0,1,0,0,0,1,1,0,0,1,0,0,1,0,0,0,1.0,1.0,0.0,0.0,1.0,0.0
61,49,53,65,18.0,0,4,4,3,5,3,5,4,4,3,1,0,0,1.0,1.0,1.0,0.0,0.0,1,0,0,0,0,0,0,1,0,0,0,1,0,1,0,0,1,0,1,0,0,0,1.0,1.0,0.0,0.0,0.0,1.0
39,49,27,57,19.0,1,3,4,4,4,5,4,3,4,3,1,0,0,1.0,1.0,0.0,1.0,0.0,0,1,0,0,0,0,0,1,0,0,1,0,1,0,0,1,0,0,0,1,0,0,0.0,1.0,1.0,1.0,0.0,0.0
51,51,53,55,21.0,0,3,4,5,2,5,3,1,3,4,1,0,0,0.0,1.0,0.0,1.0,1.0,1,0,0,0,0,0,0,1,0,0,0,1,1,0,0,0,0,1,0,1,0,0,1.0,0.0,0.0,1.0,1.0,0.0
25,45,34,51,20.0,0,3,3,2,4,3,4,4,1,1,1,0,0,1.0,1.0,1.0,0.0,0.0,0,1,0,0,0,0,0,1,0,0,1,0,0,1,0,1,0,0,0,0,1,0,1.0,0.0,0.0,1.0,0.0,1.0
49,55,49,53,22.0,1,4,4,4,4,4,4,4,4,4,1,0,0,1.0,0.0,0.0,0.0,0.0,0,1,0,0,0,0,0,1,0,0,1,0,0,0,1,1,0,0,1,0,0,0,0.0,0.0,0.0,1.0,1.0,1.0
46,44,76,68,22.0,1,4,4,5,5,5,5,4,1,3,1,0,0,1.0,0.0,0.0,0.0,0.0,0,1,0,0,0,0,0,1,0,0,0,1,0,1,0,1,0,0,0,0,0,1,1.0,1.0,1.0,0.0,0.0,0.0
35,57,52,63,21.0,1,4,4,4,4,3,3,3,4,3,1,0,0,1.0,0.0,0.0,0.0,0.0,1,0,0,0,0,0,0,1,0,0,1,0,0,1,0,1,0,0,0,0,0,1,0.0,0.0,0.0,1.0,1.0,1.0
17,24,27,30,18.0,1,4,3,2,2,4,4,4,4,4,1,0,0,0.0,1.0,0.0,1.0,0.0,1,0,0,1,0,0,0,0,0,0,0,1,1,0,0,1,0,0,1,0,0,0,1.0,1.0,1.0,0.0,0.0,0.0
34,35,57,47,19.0,0,3,4,4,4,4,3,4,5,3,1,0,0,1.0,1.0,0.0,0.0,1.0,1,0,0,0,0,0,0,1,0,0,0,1,1,0,0,0,0,1,1,0,0,0,1.0,0.0,1.0,0.0,0.0,1.0
52,55,49,56,22.0,0,3,3,3,3,3,3,3,3,3,1,0,0,1.0,0.0,1.0,0.0,1.0,1,0,0,0,0,0,0,1,0,0,1,0,0,1,0,1,0,0,0,0,0,1,0.0,1.0,0.0,1.0,0.0,1.0
52,55,51,53,22.0,1,3,4,4,5,4,5,4,3,4,1,0,0,1.0,1.0,0.0,0.0,1.0,1,0,0,0,0,0,0,1,0,0,0,1,1,0,0,0,1,0,1,0,0,0,0.0,1.0,0.0,0.0,1.0,1.0
36,69,21,78,20.0,1,2,4,2,4,2,5,2,2,2,1,0,0,1.0,1.0,1.0,0.0,0.0,1,0,0,0,0,0,0,1,0,0,1,0,1,0,0,1,0,0,1,0,0,0,1.0,0.0,0.0,1.0,1.0,0.0
49,57,62,49,22.0,1,4,4,4,4,3,4,4,3,4,1,0,0,1.0,1.0,1.0,0.0,0.0,1,0,0,0,0,0,0,1,0,0,1,0,1,0,0,0,1,0,1,0,0,0,1.0,0.0,0.0,1.0,0.0,1.0
69,65,69,67,19.0,1,3,3,3,3,3,4,4,4,3,1,0,0,1.0,1.0,1.0,0.0,0.0,1,0,0,0,0,0,0,1,0,0,1,0,0,1,0,1,0,0,0,0,0,1,1.0,1.0,0.0,0.0,1.0,0.0
27,63,36,76,21.0,0,3,4,4,4,2,4,1,3,3,1,0,0,1.0,1.0,0.0,0.0,0.0,1,0,0,0,0,0,0,1,0,0,1,0,0,1,0,1,0,0,0,0,1,0,1.0,0.0,0.0,1.0,1.0,0.0
25,41,30,51,20.0,1,3,3,4,4,4,5,4,3,5,1,0,0,0.0,1.0,0.0,1.0,1.0,1,0,0,0,0,0,0,1,0,1,0,0,0,1,0,1,0,0,0,1,0,0,0.0,1.0,0.0,1.0,1.0,0.0
64,85,64,84,20.0,0,4,4,2,1,2,1,1,4,2,1,0,0,0.0,1.0,1.0,0.0,1.0,1,0,0,0,0,0,0,1,0,1,0,0,0,1,0,1,0,0,0,0,0,1,0.0,1.0,0.0,0.0,1.0,1.0
49,10,52,92,21.0,1,3,5,5,3,4,5,1,4,4,1,0,0,1.0,1.0,1.0,0.0,0.0,1,0,0,0,0,0,0,1,0,0,0,1,0,0,1,1,0,0,1,0,0,0,1.0,1.0,0.0,0.0,1.0,0.0
52,46,49,54,20.0,1,2,2,1,2,1,3,1,2,2,1,0,0,1.0,1.0,0.0,1.0,0.0,1,0,0,0,0,0,0,1,0,0,0,1,1,0,0,1,0,0,1,0,0,0,1.0,1.0,1.0,0.0,0.0,0.0
41,46,46,42,20.0,1,3,1,2,1,1,1,1,2,2,1,0,0,1.0,0.0,0.0,0.0,0.0,1,0,0,1,0,0,0,0,0,0,1,0,0,1,0,0,1,0,1,0,0,0,1.0,1.0,1.0,0.0,0.0,0.0
41,44,44,33,20.0,0,3,3,3,3,2,4,1,3,3,1,0,0,1.0,1.0,1.0,0.0,0.0,1,0,0,0,0,0,0,1,0,0,1,0,0,1,0,1,0,0,1,0,0,0,1.0,0.0,1.0,0.0,0.0,1.0
17,69,28,43,21.0,1,4,5,4,5,3,5,3,4,3,1,0,0,1.0,0.0,0.0,0.0,0.0,1,0,0,0,0,0,0,1,0,0,0,1,0,0,1,0,1,0,1,0,0,0,1.0,1.0,0.0,0.0,1.0,0.0
54,48,56,57,21.0,1,4,5,4,5,4,4,4,3,4,1,0,0,1.0,1.0,1.0,0.0,0.0,1,0,0,0,0,0,0,1,0,0,0,1,0,0,1,1,0,0,1,0,0,0,1.0,0.0,0.0,0.0,1.0,1.0
32,52,48,51,21.0,1,3,4,4,4,2,4,2,3,4,1,0,0,0.0,1.0,1.0,1.0,0.0,1,0,0,0,0,0,0,1,0,0,1,0,0,1,0,1,0,0,1,0,0,0,1.0,0.0,0.0,1.0,1.0,0.0
46,45,57,26,19.0,1,3,3,5,5,3,4,1,2,2,1,0,0,1.0,1.0,1.0,0.0,0.0,0,1,0,0,0,0,0,1,0,0,0,1,0,1,0,1,0,0,1,0,0,0,1.0,0.0,0.0,0.0,1.0,1.0
25,34,24,53,22.0,1,3,4,3,3,4,4,4,3,4,1,0,0,1.0,1.0,0.0,1.0,0.0,1,0,0,0,0,0,0,1,0,0,1,0,0,0,1,0,1,0,1,0,0,0,0.0,0.0,0.0,1.0,1.0,1.0
74,68,52,75,21.0,1,3,4,4,4,4,5,1,4,4,1,0,0,1.0,1.0,0.0,0.0,1.0,1,0,0,0,0,0,0,1,0,0,0,1,1,0,0,0,0,1,1,0,0,0,1.0,0.0,0.0,1.0,1.0,0.0
52,52,46,53,22.0,0,1,2,2,3,1,1,2,1,2,0,1,0,0.0,1.0,0.0,0.0,0.0,0,1,0,0,0,0,0,1,0,1,0,0,1,0,0,0,1,0,1,0,0,0,1.0,0.0,0.0,1.0,0.0,1.0
53,53,56,51,26.0,0,3,3,3,3,3,3,3,3,3,0,0,1,0.0,1.0,0.0,0.0,0.0,1,0,0,1,0,0,0,0,0,0,1,0,1,0,0,0,1,0,1,0,0,0,0.0,0.0,0.0,1.0,1.0,1.0
42,53,42,56,20.0,0,5,5,4,5,2,5,3,2,2,0,1,0,0.0,1.0,1.0,0.0,0.0,1,0,0,0,0,0,0,1,0,0,0,1,0,1,0,1,0,0,0,0,1,0,1.0,0.0,1.0,0.0,0.0,1.0
60,60,53,70,20.0,1,4,4,4,4,4,3,4,4,4,1,0,0,1.0,0.0,0.0,0.0,1.0,1,0,0,0,0,0,0,1,0,0,1,0,1,0,0,1,0,0,0,0,0,1,0.0,1.0,1.0,0.0,1.0,0.0
73,59,65,69,20.0,1,4,4,3,5,3,5,1,3,2,1,0,0,0.0,0.0,1.0,1.0,1.0,1,0,0,0,0,0,0,1,0,0,1,0,1,0,0,0,1,0,1,0,0,0,1.0,0.0,0.0,1.0,1.0,0.0
53,59,60,49,20.0,0,4,4,4,4,4,4,3,4,4,1,0,0,1.0,1.0,0.0,0.0,1.0,0,1,0,0,0,0,0,1,0,0,0,1,0,1,0,0,1,0,1,0,0,0,0.0,0.0,0.0,1.0,1.0,1.0
65,53,54,69,22.0,1,3,2,2,4,5,3,3,4,3,1,0,0,0.0,1.0,1.0,0.0,1.0,0,1,0,0,0,0,0,1,0,0,0,1,1,0,0,1,0,0,1,0,0,0,1.0,0.0,0.0,1.0,1.0,0.0
41,44,42,40,19.0,0,3,3,3,3,3,3,3,3,3,1,0,0,1.0,1.0,0.0,0.0,0.0,1,0,0,0,0,0,0,1,0,0,1,0,0,1,0,1,0,0,1,0,0,0,1.0,0.0,0.0,0.0,1.0,1.0
53,37,23,33,22.0,0,3,3,4,5,3,5,1,4,3,1,0,0,1.0,1.0,1.0,0.0,0.0,1,0,0,0,0,0,0,1,0,0,1,0,0,1,0,0,1,0,0,0,1,0,1.0,0.0,0.0,1.0,1.0,0.0
46,51,46,54,21.0,0,4,3,4,5,4,5,3,4,3,1,0,0,1.0,1.0,1.0,0.0,0.0,1,0,0,0,0,0,0,1,0,0,1,0,0,1,0,1,0,0,1,0,0,0,0.0,0.0,1.0,0.0,1.0,1.0
45,62,30,56,19.0,0,4,4,4,4,4,4,4,4,4,1,0,0,0.0,1.0,0.0,0.0,0.0,0,1,0,0,0,0,0,1,0,0,1,0,0,1,0,1,0,0,0,0,0,1,1.0,0.0,1.0,0.0,1.0,0.0
33,66,17,57,19.0,1,4,4,5,5,4,5,3,4,2,1,0,0,1.0,1.0,1.0,0.0,0.0,1,0,0,0,0,0,0,1,0,0,1,0,0,0,1,0,1,0,1,0,0,0,1.0,0.0,1.0,0.0,1.0,0.0
41,39,43,77,22.0,0,2,1,1,2,2,2,2,1,1,1,0,0,0.0,1.0,0.0,0.0,0.0,1,0,0,0,0,0,0,1,0,0,1,0,0,1,0,1,0,0,1,0,0,0,1.0,0.0,0.0,0.0,1.0,1.0
69,78,78,85,21.0,1,3,3,3,3,3,3,3,3,3,1,0,0,1.0,0.0,0.0,0.0,0.0,1,0,0,0,0,0,0,1,0,0,1,0,1,0,0,1,0,0,1,0,0,0,1.0,0.0,1.0,0.0,1.0,0.0
38,57,46,43,20.0,1,3,3,4,4,3,4,3,4,4,1,0,0,1.0,0.0,1.0,0.0,0.0,0,1,0,1,0,0,0,0,0,1,0,0,0,1,0,1,0,0,0,0,0,1,1.0,0.0,0.0,1.0,1.0,0.0
68,81,79,77,22.0,0,3,4,4,4,3,4,1,3,4,0,1,0,1.0,1.0,1.0,0.0,0.0,0,1,0,0,0,0,0,1,0,1,0,0,0,1,0,1,0,0,0,0,1,0,1.0,0.0,0.0,1.0,1.0,0.0
17,49,40,88,20.0,0,3,5,5,5,2,5,5,4,2,1,0,0,1.0,1.0,1.0,0.0,0.0,1,0,0,0,0,0,0,1,0,0,1,0,0,1,0,0,1,0,1,0,0,0,0.0,0.0,1.0,0.0,1.0,1.0
56,51,44,58,19.0,0,3,3,3,3,3,3,3,3,3,0,1,0,1.0,1.0,1.0,0.0,0.0,1,0,0,0,0,0,0,1,0,1,0,0,0,1,0,1,0,0,0,0,0,1,1.0,0.0,0.0,0.0,1.0,1.0
56,46,57,52,20.0,0,3,3,4,4,4,4,3,4,5,1,0,0,0.0,0.0,1.0,1.0,1.0,0,1,0,0,0,0,0,1,0,0,1,0,1,0,0,1,0,0,1,0,0,0,1.0,0.0,1.0,0.0,0.0,1.0
53,58,53,51,20.0,0,2,3,3,5,4,4,1,3,4,1,0,0,1.0,1.0,1.0,0.0,0.0,1,0,0,0,0,0,0,1,0,0,1,0,0,1,0,1,0,0,1,0,0,0,1.0,1.0,1.0,0.0,0.0,0.0
42,63,75,51,21.0,0,4,4,4,4,4,4,4,4,4,1,0,0,0.0,1.0,0.0,0.0,0.0,1,0,0,0,0,0,0,1,0,0,1,0,1,0,0,0,1,0,1,0,0,0,1.0,0.0,1.0,0.0,1.0,0.0
66,30,32,63,20.0,1,3,5,5,3,3,5,1,5,3,0,1,0,1.0,1.0,0.0,0.0,1.0,0,1,0,0,0,0,0,1,0,0,1,0,1,0,0,0,1,0,0,0,1,0,1.0,0.0,0.0,1.0,1.0,0.0
54,43,48,36,20.0,1,1,1,4,4,3,5,4,4,1,1,0,0,0.0,1.0,0.0,1.0,0.0,1,0,0,0,0,0,0,1,0,0,0,1,1,0,0,0,1,0,1,0,0,0,1.0,1.0,0.0,0.0,1.0,0.0
52,54,50,55,20.0,1,3,3,3,3,3,3,3,3,3,1,0,0,0.0,1.0,1.0,0.0,0.0,1,0,0,0,0,0,0,1,0,0,0,1,0,1,0,1,0,0,0,0,1,0,0.0,1.0,0.0,1.0,1.0,0.0
72,43,50,52,20.0,0,5,5,5,5,4,5,2,3,4,1,0,0,0.0,1.0,0.0,0.0,0.0,1,0,0,0,0,0,0,1,0,1,0,0,0,1,0,1,0,0,1,0,0,0,1.0,0.0,0.0,1.0,1.0,0.0
56,70,62,59,20.0,0,2,4,3,4,2,4,3,2,2,1,0,0,1.0,1.0,0.0,0.0,1.0,1,0,0,0,0,0,0,1,0,0,1,0,0,1,0,0,1,0,1,0,0,0,1.0,1.0,0.0,0.0,1.0,0.0
63,50,60,59,21.0,1,3,3,3,3,4,3,2,2,3,1,0,0,1.0,1.0,0.0,0.0,0.0,1,0,0,0,0,0,0,1,0,0,1,0,0,1,0,1,0,0,1,0,0,0,1.0,0.0,1.0,0.0,0.0,1.0
52,71,65,36,19.0,1,4,4,4,4,4,4,4,4,4,0,1,0,1.0,1.0,1.0,0.0,0.0,1,0,0,0,0,0,0,1,0,0,0,1,1,0,0,1,0,0,1,0,0,0,1.0,0.0,1.0,0.0,1.0,0.0
47,51,82,84,21.0,1,1,1,1,1,1,1,1,2,1,0,1,0,1.0,0.0,0.0,0.0,0.0,0,1,0,0,0,1,0,0,0,0,0,1,0,1,0,1,0,0,1,0,0,0,1.0,1.0,1.0,0.0,0.0,0.0
49,54,47,56,20.0,0,3,3,3,3,3,3,3,3,3,1,0,0,0.0,1.0,1.0,0.0,1.0,1,0,0,0,0,0,0,1,0,1,0,0,0,1,0,1,0,0,1,0,0,0,1.0,0.0,0.0,0.0,1.0,1.0
47,52,55,44,22.0,0,3,3,4,3,3,4,3,3,4,1,0,0,1.0,1.0,1.0,0.0,0.0,1,0,0,0,0,0,0,1,0,1,0,0,0,1,0,1,0,0,1,0,0,0,1.0,0.0,0.0,1.0,0.0,1.0
34,43,44,65,21.0,1,1,1,2,1,1,1,1,1,1,1,0,0,1.0,0.0,0.0,0.0,0.0,1,0,0,0,0,1,0,0,0,0,0,1,0,1,0,1,0,0,1,0,0,0,1.0,1.0,1.0,0.0,0.0,0.0
61,49,63,34,21.0,1,3,3,4,5,3,4,1,4,3,1,0,0,1.0,1.0,1.0,0.0,0.0,1,0,0,0,0,0,0,1,0,0,1,0,1,0,0,1,0,0,1,0,0,0,1.0,0.0,0.0,0.0,1.0,1.0
45,62,30,56,19.0,1,3,4,5,3,3,4,3,3,3,1,0,0,0.0,1.0,1.0,0.0,0.0,0,1,0,0,0,0,0,1,0,0,1,0,0,1,0,1,0,0,0,0,0,1,1.0,0.0,1.0,0.0,1.0,0.0
61,46,68,67,19.0,1,2,3,2,4,3,4,4,3,3,1,0,0,1.0,1.0,0.0,0.0,0.0,1,0,0,0,0,0,0,1,0,0,0,1,0,1,0,1,0,0,1,0,0,0,1.0,1.0,0.0,0.0,1.0,0.0
28,44,54,29,20.0,0,3,4,4,4,2,3,1,5,4,1,0,0,0.0,1.0,0.0,0.0,1.0,1,0,0,0,0,0,0,1,0,0,1,0,0,1,0,1,0,0,1,0,0,0,0.0,0.0,0.0,1.0,1.0,1.0
67,30,70,92,19.0,0,1,1,1,5,1,5,1,1,5,1,0,0,0.0,1.0,1.0,1.0,0.0,0,0,1,0,0,0,0,1,0,0,1,0,0,1,0,1,0,0,1,0,0,0,1.0,0.0,1.0,0.0,1.0,0.0
28,34,33,90,20.0,0,3,3,4,5,5,4,1,3,4,1,0,0,1.0,1.0,0.0,1.0,0.0,0,1,0,0,0,0,0,1,0,0,1,0,0,1,0,1,0,0,0,0,0,1,0.0,0.0,1.0,1.0,0.0,1.0
67,58,36,46,20.0,0,3,1,1,1,1,1,1,1,1,0,1,0,1.0,0.0,0.0,0.0,0.0,0,1,0,0,0,0,0,1,0,0,1,0,0,1,0,1,0,0,1,0,0,0,1.0,1.0,1.0,0.0,0.0,0.0
55,54,57,56,21.0,1,1,2,2,4,4,2,2,2,1,0,1,0,1.0,0.0,0.0,0.0,0.0,1,0,0,0,0,0,0,1,0,0,0,1,0,1,0,0,0,1,1,0,0,0,1.0,1.0,0.0,1.0,0.0,0.0
73,41,44,78,19.0,0,3,3,3,3,3,3,3,3,3,1,0,0,0.0,1.0,1.0,0.0,1.0,1,0,0,0,0,0,0,1,0,0,1,0,0,1,0,0,0,1,1,0,0,0,1.0,1.0,0.0,0.0,1.0,0.0
52,46,58,60,21.0,0,1,1,1,1,1,1,1,1,1,1,0,0,0.0,0.0,1.0,0.0,0.0,0,0,1,1,0,0,0,0,0,0,1,0,1,0,0,0,1,0,0,0,0,1,1.0,1.0,1.0,0.0,0.0,0.0
59,42,44,82,21.0,1,3,4,4,2,5,5,3,4,4,1,0,0,1.0,1.0,1.0,0.0,0.0,1,0,0,0,0,0,0,1,0,0,1,0,1,0,0,1,0,0,1,0,0,0,0.0,0.0,0.0,1.0,1.0,1.0
36,42,53,28,20.0,0,4,4,3,4,5,4,3,4,3,0,1,0,1.0,1.0,1.0,0.0,0.0,1,0,0,0,0,0,0,1,0,0,1,0,0,1,0,1,0,0,0,1,0,0,0.0,1.0,0.0,0.0,1.0,1.0
33,53,56,55,20.0,0,1,1,1,1,1,1,1,1,1,1,0,0,1.0,1.0,1.0,0.0,0.0,1,0,0,1,0,0,0,0,0,0,0,1,0,1,0,1,0,0,0,0,0,1,1.0,1.0,0.0,1.0,0.0,0.0
52,57,66,60,20.0,1,3,2,3,4,2,1,1,2,1,1,0,0,0.0,1.0,1.0,0.0,0.0,1,0,0,0,0,0,0,1,0,0,1,0,0,1,0,1,0,0,1,0,0,0,1.0,0.0,1.0,0.0,0.0,1.0
21,45,62,51,20.0,0,2,3,4,5,5,5,3,3,5,1,0,0,1.0,1.0,1.0,0.0,0.0,1,0,0,0,0,0,0,1,0,0,1,0,0,1,0,1,0,0,1,0,0,0,1.0,0.0,0.0,1.0,0.0,1.0
44,61,54,53,20.0,0,3,3,2,4,1,4,3,3,2,1,0,0,1.0,0.0,1.0,0.0,0.0,0,1,0,0,0,0,0,1,0,0,0,1,1,0,0,0,1,0,1,0,0,0,1.0,1.0,0.0,0.0,0.0,1.0
17,83,14,86,19.0,1,4,4,4,5,4,4,3,2,3,1,0,0,1.0,1.0,1.0,0.0,0.0,1,0,0,0,0,0,0,1,0,0,0,1,1,0,0,1,0,0,1,0,0,0,0.0,0.0,0.0,1.0,1.0,1.0
36,38,44,49,20.0,1,4,4,4,3,2,5,4,3,2,1,0,0,0.0,1.0,0.0,1.0,1.0,1,0,0,0,0,0,0,1,0,0,0,1,1,0,0,1,0,0,1,0,0,0,0.0,0.0,0.0,1.0,1.0,1.0
34,51,32,39,20.0,0,3,3,5,5,3,5,1,4,3,1,0,0,1.0,1.0,1.0,0.0,0.0,1,0,0,0,0,0,0,1,0,0,1,0,0,1,0,1,0,0,1,0,0,0,0.0,0.0,0.0,1.0,1.0,1.0
92,28,16,61,20.0,0,4,3,4,5,4,5,3,2,3,0,1,0,0.0,1.0,1.0,1.0,0.0,1,0,0,0,0,0,0,1,0,0,1,0,1,0,0,1,0,0,1,0,0,0,0.0,0.0,1.0,0.0,1.0,1.0
52,54,54,55,20.0,1,4,4,4,4,4,4,4,4,4,1,0,0,1.0,1.0,1.0,0.0,0.0,1,0,0,0,0,0,0,1,0,0,0,1,1,0,0,1,0,0,1,0,0,0,1.0,0.0,0.0,0.0,1.0,1.0
74,37,44,49,21.0,0,1,1,4,4,3,4,3,2,3,1,0,0,0.0,1.0,1.0,1.0,0.0,1,0,0,0,0,0,0,1,0,0,1,0,0,1,0,1,0,0,0,1,0,0,1.0,0.0,1.0,0.0,1.0,0.0
45,44,32,68,22.0,0,4,4,5,5,3,4,3,3,3,1,0,0,1.0,1.0,0.0,0.0,1.0,1,0,0,0,0,0,0,1,0,0,0,1,0,1,0,1,0,0,1,0,0,0,1.0,0.0,0.0,1.0,0.0,1.0
47,55,71,67,21.0,1,3,3,3,4,4,4,1,4,4,1,0,0,1.0,1.0,1.0,0.0,0.0,1,0,0,0,0,0,0,1,0,0,1,0,0,1,0,1,0,0,1,0,0,0,1.0,0.0,0.0,1.0,0.0,1.0
65,62,70,51,22.0,1,3,3,4,4,4,4,3,4,3,1,0,0,1.0,1.0,0.0,1.0,0.0,1,0,0,0,0,0,0,1,0,0,0,1,1,0,0,0,1,0,1,0,0,0,0.0,0.0,0.0,1.0,1.0,1.0
46,51,49,68,20.0,0,3,3,4,3,3,3,3,3,3,1,0,0,1.0,1.0,1.0,0.0,0.0,1,0,0,0,0,0,0,1,0,0,0,1,0,1,0,1,0,0,1,0,0,0,1.0,1.0,0.0,0.0,1.0,0.0
44,28,22,46,19.0,0,3,3,4,5,4,5,4,5,5,1,0,0,1.0,1.0,1.0,0.0,0.0,1,0,0,0,0,0,0,1,0,0,0,1,0,0,1,0,0,1,1,0,0,0,0.0,1.0,0.0,0.0,1.0,1.0
25,18,21,56,21.0,0,3,3,4,3,3,3,1,3,3,1,0,0,1.0,0.0,0.0,1.0,1.0,1,0,0,0,0,0,0,1,0,0,1,0,0,1,0,1,0,0,0,1,0,0,1.0,0.0,0.0,1.0,1.0,0.0
56,39,34,43,19.0,0,4,5,3,5,4,5,5,5,4,1,0,0,1.0,0.0,0.0,0.0,1.0,1,0,0,0,0,0,0,1,0,0,1,0,1,0,0,1,0,0,1,0,0,0,1.0,1.0,0.0,1.0,0.0,0.0
58,75,82,73,21.0,1,2,3,5,4,4,5,5,3,2,1,0,0,1.0,1.0,1.0,0.0,0.0,1,0,0,0,0,0,0,1,0,1,0,0,0,1,0,1,0,0,1,0,0,0,1.0,0.0,0.0,0.0,1.0,1.0
57,58,40,54,20.0,0,4,4,5,5,3,4,1,3,4,1,0,0,0.0,1.0,1.0,0.0,1.0,1,0,0,0,0,0,0,1,0,0,1,0,0,1,0,1,0,0,1,0,0,0,1.0,0.0,0.0,1.0,1.0,0.0
56,58,40,67,21.0,1,2,2,1,4,3,3,2,2,2,1,0,0,1.0,1.0,0.0,0.0,0.0,1,0,0,0,0,0,1,0,0,0,0,1,1,0,0,1,0,0,0,0,1,0,1.0,0.0,1.0,0.0,0.0,1.0
60,49,48,58,21.0,0,3,3,3,4,3,4,2,4,3,1,0,0,1.0,1.0,0.0,1.0,0.0,0,1,0,0,0,0,0,1,0,0,1,0,0,1,0,1,0,0,1,0,0,0,0.0,0.0,0.0,1.0,1.0,1.0
42,74,57,12,20.0,1,3,3,3,3,3,4,2,4,4,1,0,0,1.0,1.0,0.0,1.0,0.0,1,0,0,0,0,0,0,1,0,0,1,0,0,1,0,1,0,0,1,0,0,0,0.0,0.0,0.0,1.0,1.0,1.0
24,71,47,19,20.0,1,1,1,1,1,2,3,4,3,2,1,0,0,0.0,0.0,1.0,0.0,0.0,1,0,0,0,0,0,0,1,0,0,1,0,1,0,0,1,0,0,0,1,0,0,1.0,1.0,1.0,0.0,0.0,0.0
47,44,44,50,20.0,1,2,3,3,4,2,2,3,2,3,1,0,0,0.0,1.0,0.0,0.0,0.0,0,1,0,0,0,1,0,0,0,0,1,0,1,0,0,0,1,0,0,0,0,1,1.0,1.0,1.0,0.0,0.0,0.0
12,12,26,28,20.0,1,4,4,3,2,2,4,4,4,2,1,0,0,1.0,0.0,1.0,1.0,0.0,0,1,0,0,0,0,0,1,0,1,0,0,1,0,0,1,0,0,1,0,0,0,0.0,0.0,1.0,0.0,1.0,1.0
52,51,57,63,20.0,1,3,3,4,3,1,4,4,3,2,1,0,0,1.0,1.0,1.0,0.0,0.0,1,0,0,0,0,1,0,0,0,0,1,0,1,0,0,1,0,0,0,0,1,0,1.0,0.0,0.0,1.0,0.0,1.0
61,63,67,71,20.0,0,1,2,3,3,3,5,3,3,3,1,0,0,1.0,1.0,1.0,0.0,0.0,1,0,0,0,0,0,0,1,0,0,0,1,0,1,0,1,0,0,1,0,0,0,1.0,1.0,1.0,0.0,0.0,0.0
28,43,54,29,21.0,0,4,4,4,4,2,4,1,5,4,1,0,0,0.0,1.0,0.0,0.0,1.0,1,0,0,0,0,0,0,1,0,0,1,0,0,1,0,1,0,0,1,0,0,0,0.0,0.0,0.0,1.0,1.0,1.0
29,38,22,51,19.0,0,3,3,4,4,3,3,3,3,3,1,0,0,1.0,1.0,1.0,0.0,0.0,1,0,0,0,0,0,0,1,0,0,0,1,1,0,0,1,0,0,1,0,0,0,1.0,0.0,0.0,0.0,1.0,1.0
47,37,37,33,20.0,1,3,4,4,5,4,3,2,3,3,1,0,0,1.0,1.0,0.0,1.0,0.0,1,0,0,0,0,0,0,1,0,0,1,0,1,0,0,1,0,0,1,0,0,0,1.0,1.0,0.0,0.0,0.0,1.0
45,38,36,78,20.0,1,1,2,4,4,3,4,2,2,2,1,0,0,1.0,1.0,1.0,0.0,0.0,1,0,0,0,0,0,0,1,0,0,0,1,0,1,0,1,0,0,1,0,0,0,1.0,1.0,0.0,0.0,1.0,0.0
56,38,52,63,20.0,0,1,2,3,3,4,2,3,4,4,1,0,0,1.0,1.0,1.0,0.0,0.0,1,0,0,0,0,0,0,1,0,0,0,1,0,1,0,1,0,0,1,0,0,0,1.0,1.0,0.0,1.0,0.0,0.0
54,57,26,94,19.0,0,4,5,3,5,2,5,1,4,3,1,0,0,1.0,1.0,1.0,0.0,0.0,0,1,0,0,0,0,0,1,0,0,0,1,1,0,0,0,1,0,1,0,0,0,1.0,0.0,0.0,0.0,1.0,1.0
22,64,54,17,20.0,1,2,4,3,4,3,2,2,1,4,1,0,0,0.0,1.0,1.0,0.0,0.0,1,0,0,0,0,0,0,1,0,0,1,0,0,1,0,0,0,1,1,0,0,0,0.0,1.0,0.0,1.0,0.0,1.0
43,46,59,53,20.0,1,4,4,3,4,3,4,2,4,4,1,0,0,1.0,1.0,1.0,0.0,0.0,0,1,0,0,0,0,0,1,0,0,1,0,1,0,0,1,0,0,1,0,0,0,0.0,0.0,0.0,1.0,1.0,1.0
32,51,57,36,20.0,1,3,3,2,3,3,2,4,1,2,1,0,0,0.0,0.0,1.0,0.0,0.0,0,1,0,0,0,1,0,0,0,0,0,1,0,1,0,0,1,0,0,1,0,0,1.0,1.0,1.0,0.0,0.0,0.0
47,49,44,63,20.0,1,3,3,5,4,2,4,1,3,4,1,0,0,1.0,1.0,1.0,0.0,0.0,1,0,0,0,0,0,0,1,0,1,0,0,0,1,0,1,0,0,1,0,0,0,1.0,0.0,0.0,0.0,1.0,1.0
67,53,59,43,20.0,0,3,3,3,4,3,4,1,3,3,1,0,0,1.0,1.0,1.0,0.0,0.0,1,0,0,0,0,0,0,1,0,0,1,0,0,1,0,1,0,0,1,0,0,0,1.0,0.0,0.0,0.0,1.0,1.0
25,74,41,37,21.0,0,4,3,2,3,2,5,4,4,2,0,1,0,1.0,1.0,1.0,0.0,0.0,1,0,0,0,0,1,0,0,0,0,1,0,0,1,0,1,0,0,1,0,0,0,0.0,1.0,0.0,1.0,0.0,1.0
43,66,53,53,18.0,1,2,2,1,2,2,5,5,3,3,1,0,0,1.0,1.0,1.0,0.0,0.0,0,1,0,0,0,0,0,1,0,0,0,1,1,0,0,1,0,0,0,0,0,1,1.0,0.0,0.0,0.0,1.0,1.0
73,83,80,81,21.0,1,4,4,4,4,4,4,4,4,4,1,0,0,0.0,1.0,1.0,1.0,0.0,1,0,0,0,0,0,0,1,0,0,0,1,1,0,0,1,0,0,0,0,1,0,1.0,1.0,0.0,1.0,0.0,0.0
40,58,58,60,20.0,1,3,3,3,4,3,2,3,2,3,1,0,0,1.0,1.0,1.0,0.0,0.0,1,0,0,0,0,0,0,1,0,0,0,1,0,0,1,1,0,0,0,0,0,1,1.0,0.0,0.0,1.0,0.0,1.0
67,50,54,59,20.0,1,3,2,2,2,4,2,3,2,3,1,0,0,0.0,0.0,0.0,1.0,0.0,1,0,0,0,0,0,0,1,0,0,1,0,0,0,1,0,0,1,0,0,1,0,1.0,1.0,1.0,0.0,0.0,0.0
49,50,52,50,20.0,1,3,3,3,3,3,3,3,3,3,1,0,0,1.0,1.0,0.0,1.0,0.0,0,0,1,0,0,0,0,1,0,0,0,1,1,0,0,1,0,0,0,0,1,0,1.0,0.0,0.0,0.0,1.0,1.0
43,51,26,44,18.0,1,3,3,3,3,3,3,2,3,3,1,0,0,1.0,1.0,1.0,0.0,0.0,0,1,0,0,0,0,0,1,0,0,1,0,1,0,0,1,0,0,1,0,0,0,1.0,1.0,0.0,0.0,0.0,1.0
41,44,59,40,19.0,1,3,4,3,5,5,5,2,4,4,1,0,0,1.0,1.0,0.0,1.0,0.0,1,0,0,0,0,0,0,1,0,0,0,1,0,1,0,0,1,0,1,0,0,0,1.0,0.0,0.0,0.0,1.0,1.0
66,60,60,76,21.0,1,4,4,4,5,4,4,3,3,4,1,0,0,0.0,1.0,0.0,0.0,1.0,1,0,0,0,0,0,0,1,0,0,1,0,1,0,0,0,1,0,1,0,0,0,0.0,1.0,0.0,0.0,1.0,1.0
61,45,68,67,19.0,1,2,2,2,4,2,4,4,2,3,1,0,0,1.0,1.0,0.0,0.0,0.0,1,0,0,0,0,0,0,1,0,0,0,1,0,1,0,1,0,0,1,0,0,0,1.0,1.0,0.0,0.0,1.0,0.0
31,52,43,26,19.0,1,3,5,4,5,4,5,3,2,2,1,0,0,0.0,1.0,0.0,0.0,0.0,1,0,0,0,0,0,0,1,0,0,1,0,0,1,0,1,0,0,1,0,0,0,0.0,0.0,0.0,1.0,1.0,1.0
58,40,59,85,20.0,1,4,4,2,2,2,2,5,3,4,1,0,0,1.0,1.0,0.0,1.0,0.0,1,0,0,0,0,0,0,1,0,0,1,0,0,1,0,1,0,0,1,0,0,0,0.0,0.0,1.0,0.0,1.0,1.0
62,43,71,42,20.0,1,1,1,1,1,1,1,1,1,1,1,0,0,1.0,0.0,0.0,0.0,0.0,0,1,0,0,0,0,0,1,0,0,0,1,0,1,0,1,0,0,1,0,0,0,1.0,1.0,1.0,0.0,0.0,0.0
60,71,54,55,20.0,1,5,3,2,4,4,4,2,4,3,1,0,0,1.0,1.0,0.0,0.0,1.0,1,0,0,0,0,1,0,0,0,0,0,1,0,0,1,0,1,0,0,0,0,1,1.0,1.0,0.0,0.0,1.0,0.0
71,28,40,71,20.0,0,4,5,3,4,2,5,4,5,3,1,0,0,1.0,1.0,1.0,0.0,0.0,1,0,0,0,0,0,0,1,0,0,1,0,0,1,0,0,1,0,1,0,0,0,1.0,0.0,0.0,1.0,0.0,1.0
29,34,30,51,19.0,0,4,4,3,3,2,2,5,5,2,0,1,0,1.0,1.0,1.0,0.0,0.0,1,0,0,0,0,0,0,1,0,0,1,0,0,0,1,0,0,1,0,1,0,0,1.0,1.0,1.0,0.0,0.0,0.0
29,48,42,43,21.0,1,3,2,2,3,1,1,3,2,2,0,1,0,0.0,1.0,0.0,0.0,0.0,0,1,0,1,0,0,0,0,0,0,0,1,1,0,0,0,0,1,0,1,0,0,1.0,1.0,0.0,1.0,0.0,0.0
59,49,57,60,19.0,0,2,4,3,5,2,4,1,3,2,1,0,0,1.0,1.0,1.0,0.0,0.0,1,0,0,0,0,0,0,1,0,0,0,1,0,1,0,0,1,0,1,0,0,0,1.0,1.0,0.0,0.0,0.0,1.0
39,49,41,63,21.0,0,2,3,3,4,3,4,2,3,4,1,0,0,1.0,1.0,0.0,1.0,0.0,1,0,0,0,0,0,0,1,0,0,1,0,0,1,0,0,0,1,1,0,0,0,1.0,1.0,0.0,0.0,1.0,0.0
56,54,59,69,21.0,0,3,3,4,4,2,4,4,4,4,1,0,0,1.0,1.0,1.0,0.0,0.0,1,0,0,0,0,0,0,1,0,0,0,1,0,1,0,1,0,0,1,0,0,0,1.0,0.0,0.0,0.0,1.0,1.0
27,30,37,46,22.0,0,3,4,5,4,3,5,1,4,3,1,0,0,1.0,1.0,1.0,0.0,0.0,1,0,0,0,0,0,0,1,0,0,1,0,1,0,0,1,0,0,1,0,0,0,1.0,0.0,0.0,0.0,1.0,1.0
52,54,53,53,19.0,0,3,3,3,3,3,3,3,3,3,1,0,0,0.0,1.0,1.0,0.0,0.0,1,0,0,0,0,0,0,1,0,0,1,0,0,1,0,1,0,0,1,0,0,0,1.0,1.0,0.0,0.0,0.0,1.0
85,85,88,86,22.0,0,3,3,3,1,4,4,2,4,4,1,0,0,0.0,1.0,1.0,0.0,1.0,1,0,0,0,0,0,0,1,0,0,1,0,1,0,0,1,0,0,0,1,0,0,1.0,0.0,0.0,0.0,1.0,1.0
41,41,54,40,19.0,0,3,3,3,4,5,4,3,3,4,1,0,0,1.0,1.0,1.0,0.0,0.0,1,0,0,0,0,0,0,1,0,0,0,1,0,1,0,1,0,0,1,0,0,0,0.0,1.0,0.0,1.0,0.0,1.0
20,35,54,42,21.0,1,3,4,3,4,4,5,2,3,3,1,0,0,0.0,1.0,0.0,0.0,0.0,1,0,0,0,0,0,0,1,0,1,0,0,0,1,0,1,0,0,0,1,0,0,1.0,1.0,0.0,1.0,0.0,0.0
60,40,36,67,20.0,1,3,3,4,4,2,4,4,4,3,1,0,0,1.0,1.0,0.0,0.0,1.0,1,0,0,0,0,0,0,1,0,0,0,1,1,0,0,1,0,0,1,0,0,0,1.0,0.0,1.0,0.0,0.0,1.0
52,51,49,50,20.0,0,3,4,5,5,3,3,1,3,3,1,0,0,1.0,1.0,0.0,0.0,0.0,0,1,0,0,0,0,0,1,0,0,1,0,0,1,0,1,0,0,1,0,0,0,1.0,1.0,0.0,0.0,0.0,1.0
53,51,53,57,20.0,1,3,4,4,4,3,5,5,3,3,1,0,0,0.0,1.0,1.0,1.0,0.0,1,0,0,0,0,0,0,1,0,0,1,0,0,1,0,1,0,0,1,0,0,0,1.0,0.0,0.0,0.0,1.0,1.0
60,48,29,75,19.0,1,3,3,3,5,3,4,2,3,3,1,0,0,1.0,1.0,0.0,0.0,1.0,1,0,0,0,0,0,0,1,0,0,1,0,1,0,0,0,1,0,1,0,0,0,1.0,0.0,0.0,0.0,1.0,1.0
32,51,27,76,19.0,0,4,4,4,5,3,5,1,4,3,1,0,0,1.0,0.0,1.0,0.0,1.0,0,1,0,0,0,0,0,1,0,0,1,0,0,1,0,0,1,0,0,0,0,1,1.0,0.0,0.0,0.0,1.0,1.0
52,34,52,78,20.0,1,3,3,4,4,4,4,4,4,4,1,0,0,1.0,1.0,0.0,0.0,1.0,1,0,0,0,0,0,0,1,0,0,1,0,1,0,0,1,0,0,1,0,0,0,0.0,0.0,0.0,1.0,1.0,1.0
32,59,33,37,21.0,1,3,3,3,4,3,4,5,3,3,1,0,0,0.0,1.0,1.0,1.0,0.0,1,0,0,0,0,0,0,1,0,1,0,0,0,1,0,1,0,0,1,0,0,0,1.0,0.0,0.0,1.0,0.0,1.0
45,59,46,31,20.0,0,3,4,3,4,3,3,4,3,3,1,0,0,1.0,1.0,0.0,0.0,1.0,0,1,0,0,0,0,0,1,0,0,1,0,0,1,0,1,0,0,1,0,0,0,0.0,0.0,0.0,1.0,1.0,1.0
41,52,83,73,21.0,0,1,1,1,1,1,1,1,1,1,1,0,0,1.0,1.0,1.0,0.0,0.0,1,0,0,0,0,0,0,1,0,0,1,0,0,1,0,0,1,0,1,0,0,0,1.0,1.0,1.0,0.0,0.0,0.0
63,69,73,57,21.0,1,4,3,3,2,5,3,2,3,3,0,1,0,0.0,0.0,1.0,0.0,0.0,1,0,0,1,0,0,0,0,0,0,1,0,1,0,0,0,1,0,0,0,0,1,1.0,1.0,1.0,0.0,0.0,0.0
14,74,11,17,21.0,0,3,3,3,4,3,4,3,2,3,1,0,0,1.0,1.0,1.0,0.0,0.0,1,0,0,0,0,0,0,1,0,0,1,0,0,1,0,1,0,0,1,0,0,0,1.0,0.0,0.0,1.0,0.0,1.0
83,90,90,91,20.0,0,3,4,4,4,4,5,5,4,4,1,0,0,0.0,1.0,0.0,1.0,1.0,0,1,0,0,1,0,0,0,0,0,1,0,1,0,0,1,0,0,0,0,0,1,0.0,1.0,0.0,0.0,1.0,1.0
42,40,38,37,20.0,1,3,3,3,3,3,3,3,3,3,1,0,0,1.0,0.0,0.0,0.0,0.0,1,0,0,0,0,1,0,0,0,0,0,1,0,1,0,1,0,0,1,0,0,0,1.0,1.0,1.0,0.0,0.0,0.0
18,67,68,46,22.0,0,4,4,4,3,3,5,2,5,2,1,0,0,1.0,0.0,0.0,0.0,0.0,1,0,0,0,0,0,0,1,0,0,1,0,1,0,0,0,1,0,1,0,0,0,1.0,0.0,0.0,0.0,1.0,1.0
61,41,31,35,22.0,1,3,4,4,4,3,4,1,4,4,1,0,0,1.0,1.0,1.0,0.0,0.0,1,0,0,0,0,0,0,1,0,0,1,0,1,0,0,1,0,0,1,0,0,0,1.0,0.0,0.0,1.0,1.0,0.0
60,83,56,68,22.0,1,2,2,4,3,3,3,3,3,3,0,1,0,0.0,1.0,1.0,0.0,0.0,1,0,0,0,0,0,0,1,0,1,0,0,0,1,0,1,0,0,1,0,0,0,1.0,0.0,0.0,0.0,1.0,1.0
61,41,30,47,20.0,0,3,3,3,4,3,4,3,3,3,1,0,0,0.0,1.0,1.0,0.0,1.0,1,0,0,0,0,0,0,1,0,0,1,0,0,1,0,1,0,0,0,0,1,0,0.0,0.0,0.0,1.0,1.0,1.0
56,55,58,51,21.0,0,4,4,4,4,2,5,3,5,2,0,1,0,1.0,1.0,1.0,0.0,0.0,1,0,0,0,0,0,0,1,0,0,1,0,0,1,0,0,1,0,1,0,0,0,0.0,0.0,1.0,0.0,1.0,1.0
42,62,47,46,19.0,1,1,4,3,3,3,5,3,3,3,1,0,0,1.0,0.0,1.0,1.0,0.0,1,0,0,0,0,0,0,1,0,0,1,0,0,0,1,0,1,0,1,0,0,0,1.0,1.0,1.0,0.0,0.0,0.0
56,41,68,51,19.0,1,4,4,3,3,4,4,2,4,4,1,0,0,1.0,1.0,0.0,0.0,1.0,0,1,0,0,0,0,0,1,0,0,1,0,0,1,0,1,0,0,0,0,0,1,1.0,0.0,0.0,0.0,1.0,1.0
41,59,34,50,19.0,1,3,3,2,4,3,3,5,4,4,1,0,0,1.0,1.0,1.0,0.0,0.0,1,0,0,0,0,0,0,1,0,0,0,1,1,0,0,1,0,0,0,1,0,0,0.0,1.0,0.0,1.0,1.0,0.0
42,55,49,54,19.0,0,3,3,4,4,3,4,1,3,2,1,0,0,1.0,1.0,0.0,1.0,0.0,0,1,0,0,0,0,0,1,0,0,0,1,0,1,0,1,0,0,1,0,0,0,1.0,0.0,1.0,0.0,1.0,0.0
87,83,73,72,20.0,0,1,1,1,1,1,1,1,1,1,1,0,0,1.0,1.0,1.0,0.0,0.0,0,1,0,0,0,0,0,1,0,0,0,1,0,0,1,0,1,0,1,0,0,0,1.0,1.0,0.0,0.0,0.0,1.0
65,67,59,60,23.0,0,3,4,3,3,3,3,3,3,3,1,0,0,1.0,1.0,1.0,0.0,0.0,0,1,0,0,0,0,0,1,0,1,0,0,0,1,0,1,0,0,1,0,0,0,1.0,0.0,0.0,1.0,0.0,1.0
46,40,52,62,20.0,0,4,3,2,3,3,4,4,4,4,1,0,0,0.0,0.0,1.0,0.0,0.0,1,0,0,0,0,0,0,1,0,0,1,0,0,0,1,1,0,0,1,0,0,0,1.0,0.0,1.0,0.0,0.0,1.0
59,49,57,60,19.0,0,2,1,1,5,3,4,1,3,2,1,0,0,1.0,1.0,1.0,0.0,0.0,1,0,0,0,0,0,0,1,0,0,1,0,0,1,0,0,1,0,1,0,0,0,1.0,1.0,0.0,0.0,0.0,1.0
41,58,55,81,20.0,1,3,4,3,4,2,4,4,3,3,1,0,0,1.0,1.0,0.0,1.0,0.0,1,0,0,0,0,0,0,1,0,0,1,0,1,0,0,1,0,0,1,0,0,0,1.0,0.0,0.0,0.0,1.0,1.0
36,59,43,47,19.0,1,3,4,2,4,4,2,4,2,2,1,0,0,0.0,1.0,0.0,1.0,0.0,1,0,0,0,0,1,0,0,0,0,1,0,0,1,0,0,1,0,1,0,0,0,1.0,0.0,0.0,0.0,1.0,1.0
56,49,44,58,20.0,1,3,3,2,4,3,3,2,3,3,0,1,0,1.0,1.0,1.0,0.0,0.0,1,0,0,0,0,0,0,1,0,0,0,1,0,1,0,1,0,0,1,0,0,0,1.0,0.0,0.0,0.0,1.0,1.0
42,54,74,68,19.0,1,3,3,3,3,3,3,3,3,3,1,0,0,0.0,1.0,1.0,0.0,0.0,1,0,0,0,0,0,0,0,1,0,1,0,0,0,1,1,0,0,0,0,1,0,1.0,0.0,0.0,0.0,1.0,1.0
50,34,56,49,20.0,0,4,3,3,3,3,3,3,3,3,0,1,0,0.0,0.0,0.0,1.0,0.0,0,0,1,0,0,0,0,0,1,1,0,0,1,0,0,0,1,0,1,0,0,0,1.0,1.0,1.0,0.0,0.0,0.0
61,51,75,63,19.0,1,4,4,5,5,3,5,3,5,5,1,0,0,1.0,1.0,0.0,0.0,1.0,1,0,0,0,0,0,0,1,0,0,0,1,1,0,0,0,1,0,1,0,0,0,1.0,0.0,0.0,1.0,0.0,1.0
62,64,70,77,21.0,0,4,4,4,5,4,4,4,4,4,0,1,0,1.0,1.0,0.0,0.0,1.0,1,0,0,0,0,0,0,1,0,0,1,0,1,0,0,0,1,0,1,0,0,0,0.0,0.0,0.0,1.0,1.0,1.0
73,62,23,67,22.0,1,3,3,3,3,3,4,4,5,3,0,1,0,1.0,1.0,1.0,0.0,0.0,0,1,0,0,0,0,0,1,0,1,0,0,0,1,0,0,1,0,1,0,0,0,1.0,0.0,0.0,0.0,1.0,1.0
49,51,56,62,21.0,1,3,1,2,1,3,1,1,1,1,0,1,0,1.0,1.0,1.0,0.0,0.0,0,1,0,0,0,1,0,0,0,0,0,1,0,1,0,1,0,0,0,0,1,0,1.0,1.0,1.0,0.0,0.0,0.0
61,67,67,70,22.0,0,4,3,1,3,3,3,3,4,3,0,1,0,0.0,1.0,1.0,1.0,0.0,0,1,0,0,0,0,0,1,0,0,0,1,0,0,1,0,0,1,1,0,0,0,1.0,1.0,0.0,0.0,0.0,1.0
22,66,36,18,19.0,0,3,3,4,3,3,3,4,3,3,1,0,0,1.0,1.0,0.0,1.0,0.0,1,0,0,0,0,0,0,1,0,1,0,0,0,1,0,0,1,0,0,1,0,0,1.0,0.0,0.0,1.0,0.0,1.0
50,50,50,50,18.0,1,5,5,1,5,5,5,5,5,5,0,1,0,0.0,1.0,1.0,0.0,0.0,1,0,0,0,0,0,0,1,0,0,1,0,0,0,1,1,0,0,1,0,0,0,1.0,1.0,0.0,1.0,0.0,0.0
70,60,71,70,21.0,1,4,4,4,4,3,4,4,4,3,1,0,0,0.0,1.0,1.0,1.0,0.0,1,0,0,0,0,0,0,1,0,0,0,1,0,0,1,0,0,1,1,0,0,0,1.0,0.0,0.0,1.0,0.0,1.0
53,51,58,51,18.0,1,4,4,4,4,3,4,4,4,2,1,0,0,0.0,1.0,0.0,1.0,1.0,1,0,0,0,0,0,0,1,0,0,1,0,0,1,0,1,0,0,1,0,0,0,1.0,0.0,0.0,0.0,1.0,1.0
53,38,36,44,19.0,1,3,4,3,3,4,5,1,5,2,1,0,0,1.0,1.0,0.0,1.0,0.0,1,0,0,0,0,0,0,1,0,0,1,0,0,1,0,1,0,0,1,0,0,0,1.0,0.0,0.0,1.0,0.0,1.0
35,42,39,57,19.0,1,3,4,4,4,4,5,5,5,3,1,0,0,1.0,1.0,1.0,0.0,0.0,1,0,0,0,0,0,0,1,0,0,1,0,0,1,0,1,0,0,1,0,0,0,1.0,0.0,0.0,1.0,0.0,1.0
76,63,68,79,21.0,0,4,4,4,4,4,4,4,4,4,0,1,0,1.0,1.0,0.0,0.0,1.0,1,0,0,0,0,0,0,1,0,0,1,0,1,0,0,0,1,0,1,0,0,0,0.0,0.0,0.0,1.0,1.0,1.0
41,28,41,44,21.0,1,3,4,4,3,3,4,4,4,4,1,0,0,0.0,1.0,0.0,0.0,0.0,1,0,0,0,0,0,0,1,0,0,1,0,0,1,0,1,0,0,1,0,0,0,0.0,0.0,0.0,1.0,1.0,1.0
68,49,68,68,20.0,1,3,3,3,4,4,5,3,4,3,1,0,0,1.0,1.0,1.0,0.0,0.0,1,0,0,0,0,0,0,1,0,0,1,0,1,0,0,1,0,0,1,0,0,0,0.0,1.0,0.0,0.0,1.0,1.0
63,31,37,74,20.0,1,3,4,4,4,3,3,3,4,3,1,0,0,1.0,1.0,0.0,0.0,1.0,1,0,0,0,0,1,0,0,0,0,1,0,0,1,0,1,0,0,0,0,0,1,1.0,1.0,0.0,0.0,1.0,0.0
45,45,55,82,19.0,1,4,4,4,4,4,4,4,4,4,1,0,0,0.0,1.0,0.0,0.0,0.0,1,0,0,1,0,0,0,0,0,0,1,0,1,0,0,1,0,0,1,0,0,0,1.0,1.0,0.0,0.0,1.0,0.0
14,14,35,11,20.0,1,1,1,1,2,1,1,3,3,3,1,0,0,1.0,0.0,0.0,0.0,0.0,0,1,0,0,0,1,0,0,0,0,0,1,0,1,0,1,0,0,0,0,0,1,1.0,1.0,0.0,0.0,1.0,0.0
34,61,53,48,21.0,1,3,2,3,4,4,2,2,3,2,1,0,0,1.0,0.0,0.0,0.0,0.0,1,0,0,1,0,0,0,0,0,0,1,0,1,0,0,0,1,0,0,0,0,1,1.0,1.0,1.0,0.0,0.0,0.0
52,49,44,57,20.0,0,2,2,4,4,4,4,4,4,4,1,0,0,1.0,1.0,0.0,1.0,0.0,0,1,0,0,0,0,0,1,0,1,0,0,0,1,0,0,1,0,1,0,0,0,1.0,1.0,0.0,0.0,0.0,1.0
45,21,83,43,20.0,1,3,3,2,1,1,1,1,1,1,0,1,0,1.0,0.0,0.0,0.0,0.0,0,1,0,0,0,1,0,0,0,0,0,1,0,1,0,1,0,0,1,0,0,0,1.0,0.0,0.0,1.0,0.0,1.0
57,59,46,54,20.0,0,2,1,3,3,4,4,3,4,3,0,1,0,0.0,1.0,0.0,0.0,0.0,1,0,0,0,0,1,0,0,0,0,1,0,0,1,0,1,0,0,0,1,0,0,1.0,0.0,1.0,0.0,1.0,0.0
81,59,73,50,20.0,1,3,2,3,5,4,4,5,3,2,1,0,0,0.0,0.0,1.0,1.0,1.0,1,0,0,0,0,0,0,1,0,0,1,0,1,0,0,1,0,0,1,0,0,0,1.0,0.0,0.0,0.0,1.0,1.0
48,35,30,53,20.0,0,1,1,1,1,1,1,4,4,4,1,0,0,1.0,0.0,0.0,0.0,0.0,0,1,0,0,0,1,0,0,0,0,0,1,0,1,0,1,0,0,1,0,0,0,1.0,0.0,1.0,1.0,0.0,0.0
18,25,58,64,21.0,1,1,1,1,1,1,1,1,1,1,1,0,0,1.0,0.0,0.0,0.0,0.0,1,0,0,0,0,1,0,0,0,0,0,1,0,1,0,1,0,0,1,0,0,0,1.0,1.0,1.0,0.0,0.0,0.0
18,45,82,44,19.0,0,4,4,4,4,2,4,4,4,2,1,0,0,1.0,1.0,1.0,0.0,0.0,0,1,0,0,0,0,0,1,0,0,1,0,0,1,0,1,0,0,0,0,0,1,0.0,0.0,1.0,0.0,1.0,1.0
44,55,69,70,20.0,0,4,4,4,4,4,4,4,4,4,1,0,0,1.0,1.0,0.0,0.0,1.0,0,1,0,0,0,0,0,1,0,0,0,1,0,1,0,1,0,0,1,0,0,0,1.0,0.0,1.0,0.0,1.0,0.0
64,76,47,39,20.0,1,4,4,4,4,4,4,3,4,4,0,1,0,1.0,1.0,0.0,0.0,1.0,1,0,0,0,0,0,0,1,0,0,1,0,0,0,1,0,1,0,1,0,0,0,0.0,0.0,0.0,1.0,1.0,1.0
39,56,51,43,21.0,0,3,4,4,4,2,4,4,4,3,1,0,0,1.0,1.0,1.0,0.0,0.0,1,0,0,0,0,0,0,1,0,0,1,0,0,1,0,1,0,0,1,0,0,0,1.0,0.0,1.0,0.0,1.0,0.0
45,57,37,51,19.0,1,3,3,5,5,3,3,3,3,3,1,0,0,0.0,1.0,1.0,0.0,0.0,0,1,0,0,0,0,0,1,0,0,1,0,1,0,0,1,0,0,1,0,0,0,0.0,0.0,0.0,1.0,1.0,1.0
48,54,55,54,18.0,1,3,3,3,4,3,3,3,3,4,1,0,0,1.0,1.0,1.0,0.0,0.0,1,0,0,0,0,0,0,1,0,0,0,1,1,0,0,1,0,0,1,0,0,0,1.0,0.0,1.0,0.0,1.0,0.0
43,62,34,49,20.0,0,4,4,4,4,4,3,3,4,3,1,0,0,1.0,1.0,1.0,0.0,0.0,1,0,0,0,0,0,0,1,0,1,0,0,0,1,0,1,0,0,1,0,0,0,0.0,0.0,0.0,1.0,1.0,1.0
53,57,51,53,20.0,1,4,3,4,4,2,3,3,4,2,1,0,0,1.0,1.0,0.0,1.0,0.0,1,0,0,0,0,0,0,1,0,0,0,1,1,0,0,1,0,0,1,0,0,0,1.0,0.0,0.0,1.0,0.0,1.0
24,63,54,51,29.0,1,3,5,3,5,4,5,1,4,3,1,0,0,1.0,1.0,0.0,0.0,0.0,0,0,1,0,0,1,0,0,0,0,1,0,1,0,0,1,0,0,0,0,1,0,1.0,0.0,0.0,1.0,0.0,1.0
68,58,52,64,20.0,0,3,1,2,4,3,5,1,3,4,1,0,0,0.0,1.0,1.0,0.0,0.0,1,0,0,0,0,0,0,1,0,0,1,0,1,0,0,0,1,0,1,0,0,0,1.0,1.0,0.0,0.0,0.0,1.0
53,63,55,60,20.0,1,4,5,4,4,4,5,4,4,5,1,0,0,0.0,1.0,0.0,1.0,1.0,1,0,0,0,0,0,0,1,0,0,0,1,0,1,0,1,0,0,0,1,0,0,1.0,1.0,0.0,0.0,0.0,1.0
33,29,30,70,21.0,0,5,5,1,1,4,5,5,5,3,0,1,0,0.0,1.0,0.0,0.0,0.0,1,0,0,0,0,0,0,1,0,0,1,0,1,0,0,0,1,0,0,0,0,1,1.0,1.0,1.0,0.0,0.0,0.0
57,55,57,53,19.0,1,3,3,4,4,2,4,4,2,2,1,0,0,1.0,1.0,0.0,0.0,0.0,1,0,0,0,0,0,0,1,0,0,1,0,0,0,1,0,1,0,0,0,1,0,1.0,0.0,0.0,0.0,1.0,1.0
56,52,50,50,21.0,1,3,3,3,3,3,4,5,3,3,1,0,0,1.0,1.0,1.0,0.0,0.0,1,0,0,0,0,0,0,1,0,0,1,0,1,0,0,0,1,0,1,0,0,0,1.0,0.0,0.0,0.0,1.0,1.0
22,58,72,93,21.0,0,3,3,3,4,1,3,3,3,3,1,0,0,1.0,1.0,1.0,0.0,0.0,1,0,0,0,0,0,0,1,0,0,0,1,0,1,0,1,0,0,1,0,0,0,1.0,0.0,0.0,0.0,1.0,1.0
70,41,52,68,20.0,1,4,4,3,4,5,4,5,4,3,1,0,0,1.0,1.0,0.0,1.0,0.0,1,0,0,0,0,0,0,1,0,1,0,0,0,1,0,1,0,0,1,0,0,0,1.0,1.0,0.0,0.0,1.0,0.0
60,52,52,58,19.0,0,3,3,3,3,3,3,2,3,3,1,0,0,0.0,1.0,0.0,0.0,1.0,1,0,0,0,0,0,0,1,0,0,1,0,0,1,0,1,0,0,0,0,0,1,1.0,0.0,0.0,0.0,1.0,1.0
54,46,59,49,21.0,0,3,3,3,5,4,5,1,4,3,0,1,0,1.0,1.0,1.0,0.0,0.0,1,0,0,1,0,0,0,0,0,0,0,1,0,1,0,1,0,0,1,0,0,0,1.0,1.0,0.0,1.0,0.0,0.0
39,48,41,67,21.0,1,1,1,1,1,2,1,4,2,3,1,0,0,1.0,1.0,1.0,0.0,0.0,1,0,0,0,0,1,0,0,0,0,0,1,0,1,0,0,1,0,1,0,0,0,1.0,1.0,1.0,0.0,0.0,0.0
26,49,32,17,19.0,0,3,3,3,3,3,3,3,3,3,1,0,0,0.0,1.0,0.0,0.0,0.0,0,1,0,0,0,0,0,1,0,0,1,0,0,1,0,1,0,0,0,1,0,0,1.0,0.0,0.0,0.0,1.0,1.0
43,49,44,37,20.0,0,3,3,4,4,4,5,4,4,4,1,0,0,1.0,1.0,0.0,0.0,1.0,1,0,0,0,0,0,0,1,0,0,1,0,0,1,0,1,0,0,1,0,0,0,1.0,0.0,0.0,1.0,0.0,1.0
52,49,53,54,19.0,0,3,4,3,5,2,5,3,5,4,1,0,0,0.0,1.0,1.0,0.0,0.0,1,0,0,0,0,0,0,1,0,0,0,1,1,0,0,0,1,0,0,0,1,0,1.0,1.0,1.0,0.0,0.0,0.0
50,44,65,63,19.0,0,4,4,4,5,2,4,1,3,3,1,0,0,1.0,0.0,1.0,1.0,0.0,1,0,0,0,0,0,0,1,0,0,0,1,1,0,0,1,0,0,0,1,0,0,0.0,0.0,0.0,1.0,1.0,1.0
50,51,80,80,22.0,0,5,4,3,4,3,5,1,5,3,1,0,0,1.0,1.0,1.0,0.0,0.0,0,1,0,0,0,0,0,1,0,0,1,0,0,1,0,1,0,0,0,0,1,0,1.0,0.0,0.0,1.0,0.0,1.0
59,74,59,65,20.0,1,4,4,4,4,3,3,3,3,2,1,0,0,1.0,1.0,0.0,1.0,0.0,1,0,0,0,0,0,0,1,0,0,0,1,0,1,0,1,0,0,1,0,0,0,0.0,0.0,0.0,1.0,1.0,1.0
56,51,44,58,22.0,1,1,1,1,1,1,1,1,1,1,1,0,0,1.0,0.0,0.0,0.0,0.0,1,0,0,0,0,0,0,1,0,0,0,1,0,1,0,1,0,0,1,0,0,0,1.0,1.0,1.0,0.0,0.0,0.0
61,67,61,75,21.0,1,3,2,2,3,4,4,4,4,3,0,1,0,0.0,1.0,0.0,0.0,0.0,0,1,0,0,0,1,0,0,0,0,1,0,0,1,0,0,1,0,1,0,0,0,1.0,0.0,1.0,0.0,1.0,0.0
43,51,56,47,20.0,1,1,2,4,2,4,4,3,3,3,1,0,0,1.0,0.0,0.0,0.0,0.0,1,0,0,0,0,0,0,1,0,0,0,1,0,1,0,1,0,0,1,0,0,0,1.0,1.0,1.0,0.0,0.0,0.0
74,38,62,21,20.0,1,3,5,4,4,2,3,1,4,4,1,0,0,1.0,1.0,0.0,0.0,1.0,1,0,0,0,0,0,0,1,0,0,1,0,0,0,1,0,0,1,0,1,0,0,0.0,0.0,0.0,1.0,1.0,1.0
53,37,52,42,19.0,1,4,4,3,5,3,4,5,4,4,1,0,0,1.0,1.0,1.0,0.0,0.0,1,0,0,0,0,0,0,1,0,0,1,0,1,0,0,1,0,0,1,0,0,0,1.0,0.0,0.0,0.0,1.0,1.0
66,39,39,64,19.0,0,4,5,4,5,4,5,1,4,3,0,1,0,0.0,1.0,0.0,1.0,1.0,1,0,0,0,0,0,0,1,0,0,1,0,0,1,0,0,0,1,1,0,0,0,0.0,1.0,0.0,1.0,0.0,1.0
45,51,57,54,21.0,1,3,3,3,3,3,3,3,3,3,0,1,0,1.0,1.0,1.0,0.0,0.0,1,0,0,0,0,0,0,1,0,0,1,0,0,1,0,1,0,0,1,0,0,0,1.0,1.0,0.0,1.0,0.0,0.0
33,54,41,42,23.0,0,3,3,3,3,3,3,3,3,3,1,0,0,1.0,0.0,0.0,0.0,0.0,1,0,0,0,0,0,0,1,0,0,0,1,0,1,0,1,0,0,1,0,0,0,1.0,1.0,1.0,0.0,0.0,0.0
36,21,30,17,20.0,0,2,2,3,3,4,3,4,2,4,1,0,0,1.0,0.0,1.0,1.0,0.0,1,0,0,0,0,0,0,1,0,0,1,0,0,1,0,0,1,0,1,0,0,0,1.0,0.0,0.0,0.0,1.0,1.0
39,52,40,76,20.0,0,3,4,4,4,5,5,2,3,4,1,0,0,1.0,1.0,0.0,0.0,1.0,1,0,0,0,0,0,0,1,0,0,0,1,0,1,0,0,1,0,1,0,0,0,1.0,0.0,0.0,0.0,1.0,1.0
52,54,53,53,19.0,0,3,3,3,3,3,3,3,3,3,1,0,0,0.0,1.0,1.0,0.0,0.0,1,0,0,0,0,0,0,1,0,0,1,0,0,1,0,1,0,0,1,0,0,0,1.0,1.0,0.0,0.0,0.0,1.0
68,73,66,60,21.0,1,2,4,4,4,4,4,4,4,4,1,0,0,0.0,1.0,1.0,0.0,0.0,1,0,0,0,0,0,0,1,0,0,1,0,0,1,0,0,1,0,1,0,0,0,1.0,0.0,0.0,0.0,1.0,1.0
24,21,76,92,18.0,0,2,5,3,3,3,3,3,1,3,1,0,0,1.0,1.0,1.0,0.0,0.0,1,0,0,0,0,0,0,1,0,0,1,0,0,1,0,1,0,0,0,1,0,0,1.0,1.0,1.0,0.0,0.0,0.0
41,54,30,61,20.0,1,1,3,3,1,1,1,1,1,1,1,0,0,1.0,0.0,0.0,0.0,0.0,0,1,0,0,0,1,0,0,0,0,0,1,0,0,1,0,1,0,0,1,0,0,0.0,1.0,1.0,1.0,0.0,0.0
44,64,46,64,19.0,1,3,4,4,4,3,4,1,4,4,1,0,0,1.0,1.0,1.0,0.0,0.0,1,0,0,0,0,0,0,1,0,0,1,0,0,1,0,1,0,0,1,0,0,0,1.0,0.0,0.0,0.0,1.0,1.0
60,48,48,76,19.0,0,3,3,4,5,4,5,2,3,2,1,0,0,1.0,1.0,1.0,0.0,0.0,1,0,0,0,0,0,0,1,0,1,0,0,0,1,0,1,0,0,1,0,0,0,1.0,0.0,0.0,1.0,1.0,0.0
60,64,51,48,21.0,0,3,3,3,3,3,3,3,3,3,0,1,0,1.0,1.0,1.0,0.0,0.0,1,0,0,1,0,0,0,0,0,0,1,0,1,0,0,0,1,0,0,0,0,1,1.0,0.0,0.0,0.0,1.0,1.0
52,81,64,75,20.0,0,4,3,3,4,3,5,5,4,2,1,0,0,1.0,1.0,1.0,0.0,0.0,1,0,0,0,0,0,0,1,0,0,0,1,0,1,0,0,1,0,0,1,0,0,1.0,0.0,0.0,1.0,0.0,1.0
56,52,44,58,20.0,1,4,5,5,4,3,5,3,5,5,1,0,0,0.0,1.0,1.0,1.0,0.0,1,0,0,0,0,0,0,1,0,0,0,1,0,1,0,0,0,1,0,0,1,0,0.0,0.0,1.0,1.0,1.0,0.0
46,59,49,51,23.0,1,3,4,4,4,4,4,4,3,3,1,0,0,1.0,1.0,1.0,0.0,0.0,1,0,0,0,0,0,0,1,0,1,0,0,1,0,0,1,0,0,1,0,0,0,1.0,0.0,1.0,0.0,0.0,1.0
43,63,37,72,21.0,0,3,3,3,4,4,3,4,3,4,1,0,0,1.0,1.0,1.0,0.0,0.0,1,0,0,0,0,0,0,1,0,0,1,0,0,1,0,1,0,0,1,0,0,0,1.0,0.0,0.0,1.0,1.0,0.0
53,58,53,51,21.0,1,2,2,3,2,2,1,1,1,1,1,0,0,0.0,1.0,0.0,0.0,0.0,1,0,0,1,0,0,0,0,0,0,1,0,0,1,0,1,0,0,1,0,0,0,1.0,1.0,0.0,1.0,0.0,0.0
21,49,48,63,21.0,0,2,4,2,2,3,2,4,3,2,1,0,0,1.0,1.0,0.0,0.0,1.0,1,0,0,0,0,0,0,1,0,1,0,0,0,1,0,1,0,0,1,0,0,0,1.0,0.0,0.0,1.0,0.0,1.0
54,41,57,47,18.0,0,5,5,3,3,3,4,5,5,1,1,0,0,1.0,1.0,0.0,0.0,1.0,1,0,0,1,0,0,0,0,0,1,0,0,0,1,0,1,0,0,0,0,1,0,1.0,1.0,1.0,0.0,0.0,0.0
48,28,52,26,21.0,1,4,4,3,5,4,5,4,5,3,0,1,0,1.0,1.0,0.0,0.0,1.0,1,0,0,0,0,0,0,1,0,0,0,1,1,0,0,1,0,0,0,0,1,0,1.0,0.0,0.0,1.0,0.0,1.0
36,71,61,33,21.0,0,3,3,4,3,3,3,3,3,4,1,0,0,1.0,1.0,1.0,0.0,0.0,1,0,0,0,0,0,0,1,0,0,1,0,0,1,0,1,0,0,1,0,0,0,1.0,0.0,0.0,0.0,1.0,1.0
30,48,90,75,20.0,0,4,4,2,4,3,2,4,3,3,1,0,0,1.0,1.0,1.0,0.0,0.0,1,0,0,0,0,0,0,1,0,1,0,0,1,0,0,1,0,0,0,1,0,0,1.0,0.0,0.0,0.0,1.0,1.0
17,59,82,79,20.0,1,3,3,4,3,4,4,4,4,4,1,0,0,1.0,1.0,1.0,0.0,0.0,1,0,0,0,0,0,0,1,0,0,0,1,0,0,1,0,1,0,1,0,0,0,1.0,0.0,0.0,0.0,1.0,1.0
61,64,69,68,22.0,1,1,1,1,1,1,1,1,1,1,0,1,0,1.0,0.0,0.0,0.0,0.0,1,0,0,0,0,0,0,1,0,0,0,1,0,1,0,1,0,0,1,0,0,0,1.0,1.0,1.0,0.0,0.0,0.0
24,80,58,25,21.0,1,3,3,3,3,3,4,4,3,4,1,0,0,0.0,1.0,0.0,0.0,0.0,1,0,0,0,0,0,0,1,0,0,0,1,0,1,0,1,0,0,1,0,0,0,1.0,1.0,0.0,0.0,1.0,0.0
25,35,43,25,21.0,0,3,3,3,4,4,5,3,4,3,1,0,0,0.0,1.0,0.0,0.0,0.0,1,0,0,0,0,0,0,1,0,0,0,1,0,1,0,1,0,0,1,0,0,0,1.0,0.0,0.0,0.0,1.0,1.0
81,48,26,44,20.0,0,5,5,5,5,5,5,1,1,3,0,1,0,1.0,0.0,1.0,1.0,0.0,0,1,0,0,0,0,0,1,0,1,0,0,0,1,0,1,0,0,0,1,0,0,1.0,0.0,0.0,0.0,1.0,1.0
8,85,78,75,23.0,1,3,3,4,4,3,4,2,4,2,0,1,0,1.0,1.0,0.0,0.0,1.0,1,0,0,0,0,0,0,1,0,0,1,0,1,0,0,1,0,0,1,0,0,0,0.0,0.0,0.0,1.0,1.0,1.0
50,50,48,50,22.0,1,2,2,1,5,3,3,3,3,4,0,1,0,1.0,1.0,0.0,0.0,0.0,0,1,0,0,0,0,0,1,0,0,0,1,1,0,0,1,0,0,0,0,1,0,0.0,1.0,1.0,1.0,0.0,0.0
56,44,59,43,18.0,1,3,3,4,5,3,4,3,3,3,1,0,0,1.0,1.0,0.0,0.0,1.0,0,1,0,0,0,0,0,1,0,0,1,0,0,1,0,1,0,0,1,0,0,0,1.0,0.0,0.0,1.0,0.0,1.0
35,42,58,40,20.0,1,3,5,4,4,3,4,3,3,3,0,1,0,0.0,1.0,1.0,1.0,0.0,1,0,0,0,0,1,0,0,0,0,0,1,1,0,0,1,0,0,1,0,0,0,0.0,0.0,0.0,1.0,1.0,1.0
91,86,98,92,21.0,0,2,4,3,2,3,4,4,4,4,1,0,0,1.0,1.0,0.0,1.0,0.0,1,0,0,0,0,0,1,0,0,0,0,1,1,0,0,0,1,0,0,0,1,0,0.0,1.0,1.0,1.0,0.0,0.0
29,81,70,69,20.0,0,3,3,4,5,4,3,2,3,5,1,0,0,1.0,1.0,0.0,1.0,0.0,1,0,0,0,0,0,0,1,0,0,0,1,0,1,0,1,0,0,1,0,0,0,1.0,0.0,0.0,1.0,1.0,0.0
84,69,76,79,23.0,0,4,4,4,4,4,4,4,4,4,0,1,0,1.0,0.0,1.0,0.0,1.0,1,0,0,0,0,0,0,1,0,0,0,1,0,1,0,1,0,0,1,0,0,0,1.0,0.0,0.0,0.0,1.0,1.0
29,54,43,42,21.0,0,2,3,4,4,4,4,1,2,3,1,0,0,1.0,1.0,0.0,1.0,0.0,0,1,0,0,0,0,0,1,0,0,0,1,0,1,0,1,0,0,0,1,0,0,0.0,1.0,0.0,1.0,1.0,0.0
43,59,46,37,22.0,0,3,4,4,4,3,4,4,4,3,1,0,0,1.0,1.0,1.0,0.0,0.0,1,0,0,0,0,0,0,1,0,0,1,0,1,0,0,1,0,0,1,0,0,0,0.0,1.0,0.0,1.0,0.0,1.0
32,27,54,44,22.0,0,5,5,5,5,5,5,5,5,5,1,0,0,1.0,1.0,1.0,0.0,0.0,0,1,0,0,0,0,0,1,0,0,1,0,0,1,0,0,1,0,1,0,0,0,1.0,0.0,0.0,1.0,0.0,1.0
46,69,50,90,21.0,1,3,3,3,4,4,4,4,2,4,1,0,0,1.0,1.0,0.0,1.0,0.0,1,0,0,0,0,0,0,1,0,1,0,0,0,0,1,1,0,0,1,0,0,0,0.0,1.0,0.0,0.0,1.0,1.0
67,60,51,51,21.0,0,3,3,3,4,3,4,2,4,1,1,0,0,0.0,1.0,0.0,0.0,0.0,1,0,0,0,0,1,0,0,0,0,1,0,0,1,0,1,0,0,1,0,0,0,1.0,0.0,0.0,0.0,1.0,1.0
52,41,43,67,19.0,0,4,4,2,4,4,5,4,4,4,1,0,0,1.0,1.0,0.0,0.0,0.0,1,0,0,0,0,0,0,1,0,0,1,0,0,1,0,1,0,0,1,0,0,0,1.0,1.0,0.0,1.0,0.0,0.0
55,50,50,52,20.0,1,4,4,4,4,3,4,4,5,4,1,0,0,1.0,1.0,1.0,0.0,0.0,1,0,0,0,0,0,0,1,0,0,0,1,1,0,0,0,1,0,1,0,0,0,1.0,0.0,0.0,0.0,1.0,1.0
14,39,37,58,22.0,0,3,3,4,4,5,4,1,4,4,1,0,0,0.0,1.0,0.0,0.0,1.0,1,0,0,0,0,0,0,1,0,0,1,0,0,1,0,1,0,0,0,1,0,0,0.0,0.0,0.0,1.0,1.0,1.0
57,58,62,63,20.0,0,3,4,4,4,3,5,1,3,2,1,0,0,0.0,1.0,1.0,0.0,1.0,1,0,0,1,0,0,0,0,0,0,0,1,0,1,0,1,0,0,0,0,0,1,1.0,0.0,0.0,0.0,1.0,1.0
77,24,23,60,20.0,1,4,4,3,3,2,5,1,4,3,1,0,0,1.0,1.0,1.0,0.0,0.0,1,0,0,0,0,0,0,1,0,0,0,1,1,0,0,1,0,0,1,0,0,0,1.0,0.0,1.0,0.0,0.0,1.0
36,60,40,42,21.0,0,2,3,4,5,3,3,3,3,2,1,0,0,0.0,0.0,0.0,1.0,0.0,1,0,0,0,0,0,0,1,0,0,1,0,0,0,1,0,0,1,0,1,0,0,1.0,1.0,0.0,1.0,0.0,0.0
35,49,59,51,20.0,1,3,3,3,3,2,4,3,3,2,1,0,0,0.0,0.0,1.0,0.0,0.0,1,0,0,0,0,0,0,1,0,0,1,0,1,0,0,1,0,0,1,0,0,0,1.0,1.0,0.0,0.0,0.0,1.0
42,51,61,25,19.0,0,3,3,5,4,3,4,1,3,4,1,0,0,1.0,1.0,0.0,0.0,1.0,1,0,0,0,0,0,0,1,0,0,0,1,0,1,0,1,0,0,1,0,0,0,1.0,0.0,0.0,1.0,1.0,0.0
47,42,68,37,20.0,1,3,4,3,4,2,4,5,4,2,0,1,0,1.0,1.0,1.0,0.0,0.0,1,0,0,0,0,0,0,1,0,0,1,0,1,0,0,0,1,0,1,0,0,0,0.0,0.0,0.0,1.0,1.0,1.0
35,68,65,64,33.0,1,4,4,4,4,4,4,2,4,4,0,1,0,1.0,1.0,0.0,0.0,1.0,0,0,1,0,0,0,0,1,0,0,1,0,0,1,0,1,0,0,0,0,1,0,1.0,0.0,0.0,1.0,1.0,0.0
47,45,49,61,30.0,0,2,3,3,1,3,3,4,4,4,0,1,0,0.0,1.0,0.0,0.0,0.0,0,0,1,1,0,0,0,0,0,0,1,0,0,1,0,1,0,0,1,0,0,0,1.0,1.0,0.0,0.0,1.0,0.0
50,50,50,50,22.0,0,3,3,4,4,3,4,3,3,3,1,0,0,1.0,1.0,1.0,0.0,0.0,1,0,0,0,0,0,1,0,0,1,0,0,0,1,0,1,0,0,1,0,0,0,0.0,0.0,1.0,1.0,1.0,0.0
48,51,54,50,20.0,0,4,2,3,1,2,2,2,2,3,0,1,0,0.0,0.0,1.0,1.0,1.0,0,1,0,0,0,0,0,1,0,0,0,1,0,1,0,1,0,0,1,0,0,0,1.0,1.0,0.0,0.0,0.0,1.0
52,59,47,36,22.0,1,4,4,3,4,4,3,1,4,3,0,1,0,0.0,1.0,0.0,0.0,0.0,1,0,0,0,0,0,0,1,0,0,1,0,1,0,0,1,0,0,1,0,0,0,1.0,0.0,0.0,1.0,1.0,0.0
57,46,52,67,18.0,1,4,4,4,4,3,5,2,4,4,1,0,0,1.0,0.0,0.0,0.0,0.0,1,0,0,0,0,0,0,1,0,0,0,1,0,0,1,1,0,0,1,0,0,0,1.0,1.0,0.0,0.0,0.0,1.0
71,67,68,94,21.0,1,4,4,5,5,3,5,5,3,3,1,0,0,1.0,0.0,0.0,0.0,0.0,1,0,0,0,0,0,0,1,0,0,1,0,0,0,1,1,0,0,1,0,0,0,0.0,0.0,0.0,1.0,1.0,1.0
65,90,86,81,19.0,1,4,4,4,5,3,5,3,5,4,1,0,0,1.0,1.0,0.0,0.0,1.0,0,1,0,0,0,0,0,1,0,0,0,1,1,0,0,0,1,0,0,0,0,1,1.0,0.0,0.0,1.0,1.0,0.0
74,80,78,84,19.0,1,3,3,4,5,5,5,2,3,4,1,0,0,0.0,1.0,0.0,0.0,0.0,1,0,0,0,0,0,0,1,0,0,0,1,1,0,0,1,0,0,1,0,0,0,1.0,0.0,0.0,1.0,1.0,0.0
45,55,48,68,22.0,0,3,3,3,3,3,3,3,3,3,1,0,0,1.0,1.0,1.0,0.0,0.0,0,1,0,0,0,1,0,0,0,0,1,0,0,1,0,0,1,0,1,0,0,0,1.0,0.0,1.0,0.0,1.0,0.0
51,51,51,51,21.0,0,5,5,2,4,4,3,5,4,3,0,1,0,0.0,1.0,0.0,0.0,0.0,1,0,0,0,0,0,0,1,0,1,0,0,0,1,0,1,0,0,0,0,1,0,1.0,1.0,0.0,1.0,0.0,0.0
36,38,44,49,20.0,1,4,4,3,3,2,4,4,5,2,1,0,0,0.0,1.0,0.0,1.0,1.0,1,0,0,0,0,0,0,1,0,0,0,1,1,0,0,1,0,0,1,0,0,0,0.0,0.0,0.0,1.0,1.0,1.0
32,45,21,47,20.0,0,3,3,2,3,2,3,3,2,2,1,0,0,1.0,1.0,0.0,0.0,1.0,1,0,0,0,0,0,0,1,0,0,1,0,0,1,0,1,0,0,0,0,0,1,1.0,0.0,0.0,1.0,0.0,1.0
86,87,85,74,18.0,1,5,3,5,3,3,1,5,3,2,0,1,0,0.0,1.0,0.0,0.0,1.0,0,0,1,0,1,0,0,0,0,0,0,1,0,1,0,0,0,1,0,0,0,1,1.0,1.0,0.0,0.0,0.0,1.0
91,88,91,92,20.0,1,3,3,3,5,4,4,2,3,4,1,0,0,0.0,1.0,1.0,0.0,1.0,1,0,0,0,0,0,0,1,0,0,1,0,0,1,0,1,0,0,1,0,0,0,1.0,0.0,0.0,0.0,1.0,1.0
50,45,78,68,19.0,1,3,4,3,4,4,4,4,3,3,1,0,0,0.0,1.0,0.0,0.0,0.0,1,0,0,0,0,0,0,1,0,0,1,0,1,0,0,1,0,0,1,0,0,0,1.0,1.0,0.0,0.0,0.0,1.0
38,59,53,28,23.0,0,4,3,4,4,4,4,4,4,4,1,0,0,0.0,1.0,0.0,0.0,0.0,1,0,0,0,0,0,0,1,0,0,1,0,0,1,0,1,0,0,1,0,0,0,0.0,0.0,0.0,1.0,1.0,1.0
66,42,44,68,19.0,0,3,3,3,4,4,4,1,3,3,1,0,0,1.0,1.0,1.0,0.0,0.0,1,0,0,0,0,0,0,1,0,0,1,0,0,1,0,1,0,0,1,0,0,0,1.0,0.0,0.0,1.0,1.0,0.0
16,37,43,61,20.0,0,2,3,5,5,5,5,1,3,3,0,1,0,0.0,1.0,0.0,1.0,0.0,1,0,0,0,0,0,0,1,0,1,0,0,0,1,0,1,0,0,1,0,0,0,1.0,0.0,0.0,0.0,1.0,1.0
44,41,37,88,28.0,1,4,4,4,4,4,5,3,5,4,0,1,0,1.0,1.0,1.0,0.0,0.0,0,0,1,0,0,1,0,0,0,1,0,0,1,0,0,0,0,1,1,0,0,0,1.0,0.0,1.0,1.0,0.0,0.0
82,85,81,80,20.0,1,3,3,4,4,2,4,2,3,3,1,0,0,1.0,1.0,1.0,0.0,0.0,0,1,0,0,0,1,0,0,0,0,1,0,0,1,0,1,0,0,1,0,0,0,1.0,1.0,0.0,0.0,1.0,0.0
75,82,90,96,20.0,1,3,3,3,3,3,3,3,3,3,1,0,0,1.0,1.0,0.0,0.0,0.0,1,0,0,0,0,1,0,0,0,0,0,1,1,0,0,1,0,0,1,0,0,0,1.0,1.0,1.0,0.0,0.0,0.0
43,51,47,85,23.0,0,4,4,5,4,4,3,1,5,5,1,0,0,1.0,1.0,1.0,0.0,0.0,1,0,0,0,0,0,0,1,0,0,1,0,0,1,0,1,0,0,1,0,0,0,0.0,0.0,0.0,1.0,1.0,1.0
25,44,34,32,22.0,1,3,3,3,4,4,2,1,4,5,1,0,0,1.0,0.0,0.0,0.0,0.0,1,0,0,0,0,0,0,1,0,1,0,0,1,0,0,1,0,0,1,0,0,0,0.0,0.0,0.0,1.0,1.0,1.0
18,48,49,58,20.0,1,4,4,5,3,3,4,1,4,4,0,1,0,0.0,1.0,0.0,1.0,1.0,1,0,0,0,0,0,0,1,0,0,1,0,0,1,0,1,0,0,0,0,0,1,0.0,0.0,0.0,1.0,1.0,1.0
50,48,48,55,21.0,0,1,1,1,1,1,1,1,1,1,1,0,0,1.0,0.0,0.0,0.0,0.0,1,0,0,0,0,1,0,0,0,0,0,1,1,0,0,0,0,1,0,1,0,0,1.0,1.0,1.0,0.0,0.0,0.0
63,50,57,52,21.0,0,3,4,4,4,4,5,2,5,5,1,0,0,1.0,0.0,1.0,0.0,1.0,0,1,0,0,0,0,0,1,0,0,1,0,1,0,0,1,0,0,1,0,0,0,1.0,1.0,0.0,0.0,0.0,1.0
49,56,55,61,23.0,0,3,4,4,5,2,3,2,4,4,1,0,0,1.0,1.0,0.0,0.0,1.0,1,0,0,0,0,0,0,1,0,0,1,0,0,1,0,1,0,0,1,0,0,0,1.0,0.0,0.0,1.0,1.0,0.0
54,58,52,51,20.0,0,3,3,3,4,4,4,4,3,4,1,0,0,1.0,0.0,0.0,0.0,0.0,1,0,0,0,0,0,0,1,0,0,1,0,1,0,0,1,0,0,1,0,0,0,1.0,1.0,0.0,0.0,1.0,0.0
10,77,53,75,22.0,1,3,3,2,4,3,4,4,4,2,1,0,0,1.0,1.0,1.0,0.0,0.0,1,0,0,0,0,0,0,1,0,0,1,0,0,1,0,1,0,0,1,0,0,0,1.0,0.0,0.0,0.0,1.0,1.0
60,75,85,85,19.0,0,3,5,5,4,4,5,3,4,4,1,0,0,1.0,1.0,1.0,0.0,0.0,1,0,0,0,0,0,0,1,0,0,1,0,1,0,0,1,0,0,1,0,0,0,0.0,0.0,0.0,1.0,1.0,1.0
57,52,22,45,21.0,0,2,3,4,5,3,5,1,3,4,1,0,0,1.0,0.0,0.0,1.0,1.0,1,0,0,0,0,0,0,1,0,0,1,0,0,1,0,1,0,0,0,0,1,0,1.0,0.0,0.0,1.0,0.0,1.0
54,38,46,51,20.0,0,4,4,2,3,3,5,3,5,3,1,0,0,1.0,1.0,0.0,0.0,0.0,1,0,0,0,0,0,0,1,0,0,1,0,1,0,0,1,0,0,1,0,0,0,1.0,0.0,0.0,0.0,1.0,1.0
33,60,60,65,20.0,0,4,4,4,4,4,5,4,2,2,1,0,0,1.0,1.0,1.0,0.0,0.0,1,0,0,0,0,0,0,1,0,0,1,0,0,1,0,0,1,0,0,0,1,0,1.0,0.0,0.0,1.0,0.0,1.0
89,95,90,87,22.0,0,3,3,3,5,4,4,1,4,4,1,0,0,0.0,1.0,1.0,0.0,1.0,1,0,0,0,0,0,0,1,0,0,1,0,0,1,0,1,0,0,0,1,0,0,1.0,0.0,0.0,0.0,1.0,1.0
43,54,58,49,21.0,0,3,3,2,3,3,4,3,4,5,1,0,0,0.0,1.0,0.0,1.0,1.0,1,0,0,0,0,0,0,1,0,0,0,1,0,1,0,1,0,0,1,0,0,0,0.0,1.0,0.0,0.0,1.0,1.0
29,45,53,36,20.0,0,2,3,5,4,4,5,1,3,4,1,0,0,1.0,1.0,0.0,0.0,1.0,1,0,0,0,0,0,0,1,0,0,1,0,0,1,0,1,0,0,1,0,0,0,1.0,0.0,0.0,0.0,1.0,1.0
55,60,40,34,21.0,1,2,2,3,3,3,4,1,5,3,1,0,0,0.0,1.0,1.0,0.0,0.0,1,0,0,1,0,0,0,0,0,0,0,1,1,0,0,1,0,0,1,0,0,0,1.0,1.0,0.0,0.0,0.0,1.0
53,58,47,53,19.0,1,1,1,1,1,1,1,1,1,1,1,0,0,1.0,0.0,0.0,1.0,1.0,0,1,0,0,0,0,0,1,0,0,0,1,1,0,0,1,0,0,1,0,0,0,0.0,0.0,0.0,1.0,1.0,1.0
42,55,35,47,20.0,1,4,5,5,5,5,5,5,1,1,0,1,0,1.0,1.0,0.0,1.0,0.0,1,0,0,0,0,0,0,1,0,0,0,1,0,1,0,1,0,0,1,0,0,0,1.0,0.0,0.0,0.0,1.0,1.0
64,74,69,75,20.0,1,4,5,3,3,4,4,4,4,4,1,0,0,1.0,1.0,1.0,0.0,0.0,1,0,0,0,0,0,0,1,0,0,0,1,0,0,1,1,0,0,1,0,0,0,1.0,1.0,1.0,0.0,0.0,0.0
71,37,43,79,21.0,0,2,2,4,4,4,4,3,4,3,1,0,0,1.0,1.0,1.0,0.0,0.0,1,0,0,0,0,0,0,1,0,0,1,0,0,1,0,1,0,0,0,1,0,0,1.0,1.0,1.0,0.0,0.0,0.0
43,46,57,18,21.0,1,3,3,3,3,3,3,3,3,3,1,0,0,1.0,1.0,1.0,0.0,0.0,1,0,0,0,0,0,0,1,0,0,0,1,0,1,0,0,1,0,1,0,0,0,1.0,0.0,1.0,0.0,0.0,1.0
45,62,43,49,21.0,0,5,5,3,3,2,5,2,3,2,1,0,0,1.0,1.0,0.0,0.0,1.0,1,0,0,0,0,0,0,1,0,0,0,1,0,1,0,1,0,0,1,0,0,0,1.0,0.0,0.0,0.0,1.0,1.0
44,55,56,48,21.0,1,4,3,3,4,3,4,3,4,3,1,0,0,0.0,1.0,1.0,0.0,0.0,1,0,0,0,0,0,0,0,1,0,0,1,1,0,0,1,0,0,1,0,0,0,1.0,0.0,0.0,1.0,0.0,1.0
46,93,39,48,21.0,0,1,1,1,1,1,1,2,1,1,0,1,0,1.0,0.0,0.0,0.0,0.0,1,0,0,0,0,0,0,1,0,0,0,1,0,1,0,1,0,0,0,1,0,0,1.0,1.0,0.0,1.0,0.0,0.0
84,81,70,84,20.0,1,2,3,2,3,2,2,2,2,2,0,1,0,0.0,1.0,0.0,0.0,1.0,1,0,0,0,0,0,0,1,0,0,1,0,1,0,0,0,1,0,0,0,1,0,0.0,1.0,0.0,0.0,1.0,1.0
89,78,82,78,20.0,1,4,4,4,3,3,2,3,3,2,0,0,1,0.0,0.0,1.0,0.0,0.0,1,0,0,0,0,0,1,0,0,0,1,0,0,0,1,0,0,1,0,0,1,0,0.0,1.0,1.0,1.0,0.0,0.0
66,48,49,43,20.0,1,4,4,4,1,3,4,3,3,3,1,0,0,0.0,0.0,0.0,0.0,1.0,1,0,0,0,0,0,0,1,0,0,1,0,0,0,1,1,0,0,0,0,1,0,1.0,1.0,0.0,0.0,0.0,1.0
93,87,95,87,23.0,1,4,4,2,2,3,3,3,3,4,1,0,0,1.0,0.0,0.0,0.0,0.0,1,0,0,0,0,0,0,1,0,0,0,1,0,0,1,1,0,0,0,0,0,1,1.0,0.0,0.0,0.0,1.0,1.0
71,46,40,85,20.0,1,3,5,5,4,3,5,2,5,3,1,0,0,1.0,1.0,0.0,0.0,1.0,1,0,0,0,0,1,0,0,0,0,1,0,1,0,0,0,1,0,0,0,1,0,0.0,0.0,0.0,1.0,1.0,1.0
46,42,47,58,20.0,1,3,3,3,3,5,5,1,2,5,1,0,0,1.0,0.0,0.0,1.0,0.0,1,0,0,0,0,0,0,1,0,0,0,1,1,0,0,0,1,0,1,0,0,0,0.0,0.0,0.0,1.0,1.0,1.0
71,35,29,47,19.0,0,3,3,5,5,1,5,2,3,3,1,0,0,1.0,1.0,0.0,0.0,1.0,1,0,0,0,0,0,0,1,0,0,1,0,0,1,0,1,0,0,1,0,0,0,0.0,0.0,0.0,1.0,1.0,1.0
32,59,58,43,22.0,1,3,4,4,4,3,4,2,4,4,0,1,0,0.0,1.0,1.0,0.0,1.0,1,0,0,0,1,0,0,0,0,0,1,0,0,1,0,1,0,0,1,0,0,0,0.0,1.0,0.0,0.0,1.0,1.0
57,38,55,65,21.0,1,4,3,4,4,3,4,4,4,3,0,1,0,0.0,1.0,0.0,1.0,0.0,1,0,0,0,0,0,0,0,1,0,0,1,1,0,0,0,1,0,1,0,0,0,0.0,1.0,0.0,1.0,0.0,1.0
47,45,47,49,18.0,1,5,5,5,4,3,5,5,4,5,1,0,0,1.0,0.0,0.0,1.0,1.0,0,1,0,0,0,0,0,1,0,1,0,0,1,0,0,1,0,0,0,0,0,1,1.0,0.0,0.0,1.0,1.0,0.0
38,57,70,63,29.0,1,3,2,2,2,3,2,2,2,2,0,1,0,0.0,1.0,0.0,0.0,0.0,0,1,0,0,0,1,0,0,0,0,0,1,0,1,0,0,1,0,0,0,0,1,0.0,1.0,1.0,1.0,0.0,0.0
70,70,70,70,19.0,1,4,4,2,4,4,2,4,4,4,0,1,0,0.0,1.0,0.0,0.0,0.0,1,0,0,0,0,0,0,1,0,0,0,1,0,1,0,1,0,0,1,0,0,0,1.0,0.0,0.0,1.0,0.0,1.0
52,62,49,60,21.0,1,4,3,3,4,2,3,1,3,2,1,0,0,1.0,1.0,0.0,1.0,0.0,1,0,0,0,0,0,0,0,1,0,0,1,0,0,1,0,1,0,1,0,0,0,1.0,0.0,0.0,1.0,0.0,1.0
64,45,77,53,21.0,0,1,2,3,4,3,5,3,4,3,1,0,0,1.0,1.0,1.0,0.0,0.0,1,0,0,1,0,0,0,0,0,0,1,0,0,1,0,0,1,0,1,0,0,0,1.0,1.0,0.0,0.0,0.0,1.0
72,33,69,43,18.0,1,1,1,3,3,2,2,2,5,3,0,1,0,0.0,1.0,0.0,0.0,0.0,0,1,0,0,0,1,0,0,0,0,0,1,1,0,0,1,0,0,0,0,0,1,1.0,0.0,1.0,0.0,1.0,0.0
51,53,50,54,20.0,0,3,4,4,2,3,3,5,2,3,1,0,0,1.0,0.0,0.0,0.0,0.0,1,0,0,0,1,0,0,0,0,0,0,1,0,1,0,1,0,0,1,0,0,0,1.0,0.0,0.0,1.0,0.0,1.0
36,27,43,44,21.0,1,2,4,4,3,3,5,4,4,3,1,0,0,0.0,0.0,0.0,1.0,0.0,1,0,0,1,0,0,0,0,0,0,1,0,0,1,0,1,0,0,1,0,0,0,1.0,0.0,0.0,1.0,0.0,1.0
82,51,56,63,20.0,0,3,4,4,5,5,3,5,2,4,1,0,0,1.0,1.0,0.0,0.0,1.0,1,0,0,0,0,0,0,1,0,0,0,1,1,0,0,1,0,0,1,0,0,0,1.0,0.0,1.0,0.0,0.0,1.0
56,52,46,53,21.0,1,3,3,3,5,4,3,4,5,3,1,0,0,1.0,1.0,0.0,1.0,0.0,0,0,1,0,0,1,0,0,0,0,1,0,1,0,0,1,0,0,1,0,0,0,1.0,0.0,0.0,0.0,1.0,1.0
48,48,45,58,22.0,0,1,1,1,1,1,1,1,1,1,0,1,0,0.0,1.0,0.0,0.0,0.0,0,1,0,0,0,0,0,1,0,0,0,1,0,1,0,1,0,0,0,1,0,0,1.0,1.0,1.0,0.0,0.0,0.0
56,69,94,31,20.0,1,3,3,3,3,3,3,5,4,3,1,0,0,1.0,0.0,1.0,0.0,0.0,0,1,0,0,0,0,0,1,0,0,0,1,0,1,0,0,0,1,1,0,0,0,1.0,1.0,1.0,0.0,0.0,0.0
65,67,69,76,22.0,1,1,1,1,1,2,2,1,1,1,0,1,0,1.0,0.0,0.0,0.0,0.0,0,1,0,0,0,1,0,0,0,0,0,1,0,1,0,1,0,0,1,0,0,0,1.0,1.0,1.0,0.0,0.0,0.0
45,45,43,47,21.0,0,4,3,2,4,5,4,2,2,5,0,1,0,0.0,1.0,1.0,0.0,0.0,1,0,0,0,0,1,0,0,0,1,0,0,0,1,0,1,0,0,1,0,0,0,1.0,0.0,0.0,1.0,1.0,0.0
49,26,65,40,20.0,1,3,5,5,3,4,4,1,4,2,1,0,0,1.0,1.0,0.0,1.0,0.0,1,0,0,0,1,0,0,0,0,0,1,0,0,1,0,1,0,0,1,0,0,0,1.0,0.0,0.0,1.0,1.0,0.0
56,51,44,58,24.0,1,4,4,4,4,4,4,4,4,4,1,0,0,0.0,1.0,0.0,0.0,0.0,0,1,0,0,0,0,0,1,0,0,0,1,0,1,0,1,0,0,1,0,0,0,1.0,1.0,0.0,0.0,0.0,1.0
29,54,53,49,21.0,0,3,4,3,5,5,5,1,5,3,0,1,0,1.0,1.0,1.0,0.0,0.0,1,0,0,0,0,0,0,1,0,0,1,0,1,0,0,1,0,0,0,1,0,0,1.0,1.0,0.0,1.0,0.0,0.0
33,67,26,17,20.0,1,2,2,4,5,4,3,1,2,4,1,0,0,1.0,1.0,0.0,0.0,1.0,0,1,0,0,0,0,0,1,0,0,0,1,0,1,0,1,0,0,1,0,0,0,1.0,0.0,0.0,0.0,1.0,1.0
68,51,71,71,22.0,0,3,1,2,1,3,4,4,3,2,0,1,0,0.0,1.0,0.0,0.0,0.0,0,1,0,0,0,0,0,0,1,0,0,1,1,0,0,0,1,0,1,0,0,0,1.0,1.0,0.0,0.0,0.0,1.0
32,60,37,58,20.0,1,5,3,4,3,3,5,1,5,2,1,0,0,1.0,1.0,1.0,0.0,0.0,1,0,0,0,0,0,0,1,0,1,0,0,1,0,0,1,0,0,0,1,0,0,0.0,0.0,1.0,1.0,1.0,0.0
43,46,62,69,19.0,0,4,4,4,4,4,4,4,4,4,1,0,0,0.0,1.0,0.0,0.0,0.0,0,1,0,0,0,0,0,1,0,0,1,0,1,0,0,0,1,0,1,0,0,0,1.0,0.0,0.0,1.0,0.0,1.0
64,71,76,74,20.0,1,4,4,4,4,3,4,4,4,4,1,0,0,0.0,1.0,1.0,0.0,1.0,1,0,0,0,0,1,0,0,0,0,1,0,0,1,0,1,0,0,1,0,0,0,0.0,0.0,0.0,1.0,1.0,1.0
37,58,57,57,20.0,1,2,5,4,4,3,5,1,4,3,1,0,0,1.0,1.0,1.0,0.0,0.0,1,0,0,0,0,0,0,1,0,0,1,0,1,0,0,0,0,1,1,0,0,0,1.0,0.0,0.0,1.0,1.0,0.0
45,44,53,65,20.0,1,3,3,5,3,4,3,2,3,3,1,0,0,1.0,1.0,0.0,0.0,0.0,1,0,0,0,0,0,0,1,0,0,1,0,1,0,0,1,0,0,1,0,0,0,0.0,0.0,0.0,1.0,1.0,1.0
56,54,46,61,21.0,1,3,3,3,4,3,3,3,3,3,1,0,0,0.0,1.0,0.0,0.0,0.0,0,0,1,0,0,0,0,1,0,0,1,0,0,1,0,1,0,0,0,0,0,1,1.0,1.0,1.0,0.0,0.0,0.0
60,16,28,44,19.0,1,3,3,3,5,3,5,1,3,4,1,0,0,1.0,1.0,1.0,0.0,0.0,0,1,0,0,0,0,0,1,0,0,1,0,1,0,0,1,0,0,0,0,0,1,1.0,1.0,0.0,0.0,0.0,1.0
41,64,80,71,20.0,0,2,4,4,4,3,5,4,4,4,1,0,0,0.0,0.0,1.0,0.0,0.0,1,0,0,0,0,0,0,1,0,0,0,1,1,0,0,0,1,0,1,0,0,0,1.0,0.0,1.0,1.0,0.0,0.0
49,59,59,54,19.0,0,2,4,3,4,3,4,1,3,3,1,0,0,1.0,1.0,0.0,0.0,1.0,0,1,0,0,0,1,0,0,0,0,1,0,0,1,0,1,0,0,1,0,0,0,1.0,0.0,0.0,0.0,1.0,1.0
48,39,43,28,20.0,1,3,4,3,4,3,5,3,4,3,1,0,0,0.0,1.0,1.0,1.0,0.0,1,0,0,0,0,0,0,1,0,0,1,0,0,1,0,1,0,0,0,0,0,1,0.0,0.0,0.0,1.0,1.0,1.0
38,32,52,24,20.0,1,3,4,3,5,2,5,2,2,3,1,0,0,1.0,1.0,1.0,0.0,0.0,1,0,0,0,0,0,0,1,0,0,0,1,0,1,0,1,0,0,1,0,0,0,1.0,0.0,0.0,0.0,1.0,1.0
52,51,54,53,20.0,1,1,1,1,1,1,1,1,1,1,0,1,0,1.0,0.0,0.0,0.0,0.0,1,0,0,0,0,1,0,0,0,0,0,1,0,1,0,1,0,0,1,0,0,0,1.0,1.0,1.0,0.0,0.0,0.0
56,52,60,82,20.0,1,3,3,4,4,5,5,4,2,4,1,0,0,1.0,0.0,0.0,0.0,1.0,0,1,0,0,0,0,0,1,0,0,1,0,1,0,0,1,0,0,1,0,0,0,1.0,0.0,0.0,0.0,1.0,1.0
56,58,53,59,21.0,0,3,3,4,4,4,4,4,4,3,0,1,0,1.0,0.0,1.0,0.0,0.0,1,0,0,0,0,0,0,1,0,0,1,0,1,0,0,1,0,0,1,0,0,0,0.0,0.0,1.0,0.0,1.0,1.0
45,58,37,51,20.0,1,4,4,4,5,3,5,1,4,3,1,0,0,0.0,1.0,0.0,1.0,0.0,1,0,0,0,0,0,0,1,0,1,0,0,1,0,0,1,0,0,0,0,0,1,1.0,1.0,0.0,0.0,0.0,1.0
51,59,61,61,20.0,1,4,4,3,4,3,3,3,2,2,1,0,0,1.0,1.0,1.0,0.0,0.0,1,0,0,0,0,0,0,1,0,0,1,0,1,0,0,1,0,0,1,0,0,0,1.0,0.0,0.0,0.0,1.0,1.0
37,48,45,40,21.0,1,1,1,2,1,4,4,1,1,2,1,0,0,0.0,1.0,0.0,0.0,0.0,1,0,0,0,0,0,0,1,0,0,1,0,0,1,0,1,0,0,1,0,0,0,1.0,0.0,1.0,0.0,0.0,1.0
53,30,43,31,20.0,1,3,3,4,4,4,4,1,4,3,1,0,0,0.0,1.0,1.0,1.0,0.0,1,0,0,0,0,1,0,0,0,0,1,0,0,1,0,1,0,0,1,0,0,0,1.0,1.0,0.0,0.0,0.0,1.0
53,30,43,31,20.0,1,3,3,4,5,4,4,1,4,4,1,0,0,0.0,1.0,1.0,1.0,0.0,1,0,0,0,0,1,0,0,0,0,1,0,0,1,0,1,0,0,1,0,0,0,1.0,1.0,0.0,0.0,0.0,1.0
60,45,52,35,21.0,0,2,3,3,5,2,4,1,3,3,1,0,0,0.0,1.0,1.0,0.0,1.0,1,0,0,0,0,1,0,0,0,0,0,1,0,1,0,1,0,0,1,0,0,0,0.0,1.0,0.0,1.0,0.0,1.0
41,40,52,42,21.0,0,3,4,5,4,4,5,5,5,3,1,0,0,1.0,1.0,0.0,1.0,0.0,1,0,0,1,0,0,0,0,0,0,1,0,0,1,0,1,0,0,0,0,0,1,1.0,0.0,0.0,1.0,1.0,0.0
89,89,44,53,20.0,0,4,4,3,5,3,4,5,2,2,1,0,0,1.0,1.0,1.0,0.0,0.0,1,0,0,0,0,0,0,1,0,0,1,0,0,0,1,0,0,1,1,0,0,0,1.0,0.0,1.0,1.0,0.0,0.0
57,59,29,75,19.0,1,5,5,5,5,2,5,2,5,2,1,0,0,1.0,1.0,1.0,0.0,0.0,1,0,0,0,0,0,0,1,0,0,1,0,0,0,1,0,1,0,1,0,0,0,0.0,0.0,0.0,1.0,1.0,1.0
53,51,48,52,20.0,1,1,2,4,4,4,4,4,4,4,1,0,0,1.0,1.0,1.0,0.0,0.0,1,0,0,0,0,0,0,1,0,0,1,0,1,0,0,0,1,0,0,0,0,1,0.0,0.0,1.0,1.0,0.0,1.0
49,55,47,54,25.0,1,2,1,2,1,1,1,2,2,3,0,1,0,1.0,1.0,0.0,1.0,0.0,0,1,0,0,0,0,0,0,1,0,1,0,0,1,0,1,0,0,0,0,0,1,1.0,1.0,1.0,0.0,0.0,0.0
45,60,46,56,20.0,0,3,4,3,4,4,4,4,4,4,0,1,0,0.0,0.0,0.0,1.0,0.0,0,0,1,0,0,0,0,1,0,0,1,0,0,1,0,1,0,0,0,1,0,0,0.0,1.0,0.0,1.0,0.0,1.0
51,37,54,75,20.0,1,3,4,1,1,1,5,5,2,3,1,0,0,1.0,1.0,1.0,0.0,0.0,0,0,1,0,0,1,0,0,0,0,0,1,0,0,1,0,1,0,1,0,0,0,1.0,1.0,1.0,0.0,0.0,0.0
14,59,48,35,21.0,0,3,4,3,4,3,3,3,4,3,1,0,0,1.0,1.0,1.0,0.0,0.0,1,0,0,0,0,0,0,1,0,0,1,0,0,1,0,1,0,0,1,0,0,0,1.0,0.0,1.0,1.0,0.0,0.0
31,34,66,60,22.0,0,3,5,3,4,3,3,2,5,3,0,1,0,1.0,1.0,0.0,1.0,0.0,1,0,0,0,0,0,0,0,1,0,1,0,0,1,0,1,0,0,0,0,1,0,1.0,0.0,0.0,1.0,1.0,0.0
70,38,25,44,21.0,0,3,3,3,3,3,5,3,3,3,1,0,0,1.0,1.0,1.0,0.0,0.0,0,1,0,0,0,1,0,0,0,0,0,1,0,1,0,1,0,0,0,0,1,0,1.0,0.0,1.0,0.0,0.0,1.0
53,49,46,51,21.0,1,3,3,3,4,3,3,4,4,4,1,0,0,1.0,0.0,0.0,0.0,1.0,1,0,0,0,0,0,0,1,0,0,1,0,1,0,0,1,0,0,1,0,0,0,1.0,0.0,0.0,0.0,1.0,1.0
54,45,46,67,23.0,1,3,4,4,4,4,3,4,3,3,1,0,0,1.0,1.0,0.0,0.0,1.0,1,0,0,0,0,0,0,1,0,0,1,0,1,0,0,1,0,0,1,0,0,0,1.0,1.0,0.0,0.0,0.0,1.0
50,67,57,63,23.0,1,5,5,5,5,5,5,5,5,5,1,0,0,1.0,0.0,0.0,0.0,0.0,1,0,0,1,0,0,0,0,0,0,0,1,0,1,0,1,0,0,1,0,0,0,1.0,0.0,1.0,0.0,1.0,0.0
46,56,32,54,24.0,1,3,3,4,5,4,5,2,5,5,0,1,0,1.0,1.0,0.0,1.0,0.0,0,0,1,0,0,0,0,1,0,0,1,0,1,0,0,0,0,1,1,0,0,0,1.0,1.0,0.0,1.0,0.0,0.0
52,49,53,56,25.0,0,3,4,3,2,1,2,2,1,4,1,0,0,1.0,0.0,0.0,0.0,0.0,1,0,0,1,0,0,0,0,0,0,0,1,1,0,0,1,0,0,1,0,0,0,1.0,1.0,0.0,0.0,1.0,0.0
42,29,54,56,24.0,0,3,2,4,5,3,1,1,1,1,1,0,0,1.0,1.0,0.0,0.0,0.0,0,0,1,0,0,1,0,0,0,1,0,0,0,1,0,1,0,0,1,0,0,0,1.0,1.0,0.0,1.0,0.0,0.0
52,51,40,54,23.0,0,3,3,4,4,2,4,2,4,2,1,0,0,1.0,1.0,0.0,0.0,1.0,1,0,0,0,0,0,0,1,0,0,1,0,0,1,0,0,1,0,1,0,0,0,1.0,0.0,0.0,1.0,0.0,1.0
61,46,32,64,23.0,1,4,3,3,5,4,4,4,4,4,1,0,0,0.0,1.0,0.0,0.0,0.0,1,0,0,0,0,0,0,1,0,0,1,0,0,0,1,1,0,0,1,0,0,0,0.0,1.0,0.0,1.0,0.0,1.0
29,56,33,67,18.0,1,1,1,1,1,1,1,1,1,1,1,0,0,0.0,1.0,0.0,0.0,1.0,1,0,0,0,0,1,0,0,0,0,0,1,0,1,0,1,0,0,0,0,0,1,0.0,1.0,1.0,1.0,0.0,0.0
48,51,41,69,24.0,1,4,4,4,5,3,5,2,5,4,1,0,0,1.0,1.0,0.0,0.0,1.0,1,0,0,0,0,0,0,1,0,0,1,0,0,0,1,1,0,0,0,0,1,0,1.0,0.0,0.0,1.0,0.0,1.0
21,63,30,78,23.0,0,2,2,4,4,4,4,2,2,5,1,0,0,0.0,1.0,0.0,0.0,0.0,0,0,1,0,0,0,0,1,0,1,0,0,0,1,0,1,0,0,1,0,0,0,1.0,0.0,0.0,0.0,1.0,1.0
56,38,30,83,23.0,0,5,5,3,5,4,4,5,4,3,1,0,0,1.0,1.0,1.0,0.0,0.0,0,0,1,0,0,0,0,1,0,0,1,0,1,0,0,0,1,0,1,0,0,0,1.0,1.0,0.0,0.0,0.0,1.0
39,17,79,44,22.0,1,3,2,5,3,4,4,4,5,2,0,0,1,1.0,1.0,0.0,1.0,0.0,0,0,1,0,0,0,0,1,0,0,0,1,1,0,0,0,1,0,0,1,0,0,1.0,1.0,0.0,0.0,0.0,1.0
91,40,40,50,19.0,1,5,5,4,5,3,3,5,3,3,1,0,0,0.0,1.0,1.0,0.0,1.0,1,0,0,0,0,0,0,1,0,0,1,0,0,1,0,1,0,0,1,0,0,0,1.0,0.0,0.0,0.0,1.0,1.0
31,63,37,43,23.0,0,3,3,3,4,2,3,5,5,2,0,1,0,1.0,1.0,0.0,0.0,0.0,1,0,0,0,0,0,0,1,0,1,0,0,0,1,0,0,0,1,0,1,0,0,1.0,0.0,0.0,1.0,0.0,1.0
53,32,57,35,24.0,0,4,5,3,2,2,5,5,5,1,0,1,0,1.0,1.0,1.0,0.0,0.0,0,0,1,0,0,0,0,1,0,0,1,0,0,1,0,1,0,0,1,0,0,0,1.0,0.0,1.0,1.0,0.0,0.0
46,59,52,49,23.0,1,2,3,3,3,3,4,3,3,3,1,0,0,0.0,1.0,1.0,0.0,0.0,0,0,1,1,0,0,0,0,0,1,0,0,0,1,0,0,1,0,0,0,0,1,1.0,0.0,0.0,1.0,1.0,0.0
50,52,50,50,23.0,0,1,1,1,1,5,1,1,1,1,0,1,0,0.0,1.0,0.0,0.0,0.0,0,0,1,0,0,0,0,1,0,0,0,1,0,1,0,1,0,0,0,0,1,0,1.0,1.0,0.0,0.0,0.0,1.0
55,52,51,58,23.0,1,4,4,4,4,4,4,2,5,4,1,0,0,0.0,1.0,1.0,0.0,0.0,0,0,1,0,0,0,0,1,0,0,1,0,0,1,0,1,0,0,1,0,0,0,0.0,0.0,1.0,1.0,1.0,0.0
55,62,46,56,24.0,0,3,4,4,4,3,2,2,3,4,1,0,0,1.0,0.0,0.0,0.0,1.0,0,0,1,0,0,0,0,1,0,1,0,0,0,1,0,0,1,0,0,0,1,0,1.0,0.0,0.0,1.0,0.0,1.0
46,19,65,81,23.0,0,3,3,4,3,4,4,1,3,4,1,0,0,1.0,1.0,0.0,1.0,0.0,0,0,1,0,0,0,0,1,0,0,1,0,0,0,1,0,1,0,1,0,0,0,1.0,1.0,0.0,1.0,0.0,0.0
47,44,32,75,24.0,1,3,3,3,4,4,4,1,5,4,1,0,0,1.0,1.0,0.0,0.0,1.0,0,0,1,0,0,0,0,1,0,0,1,0,1,0,0,1,0,0,1,0,0,0,0.0,0.0,0.0,1.0,1.0,1.0
21,66,53,47,23.0,0,4,4,4,4,4,4,1,3,3,1,0,0,1.0,1.0,0.0,0.0,1.0,0,0,1,0,0,0,0,1,0,1,0,0,0,1,0,1,0,0,0,0,0,1,1.0,0.0,0.0,0.0,1.0,1.0
27,59,34,60,24.0,1,3,3,3,4,2,3,1,3,2,1,0,0,1.0,1.0,1.0,0.0,0.0,0,0,1,0,0,0,0,1,0,0,1,0,0,1,0,1,0,0,0,0,1,0,0.0,0.0,1.0,1.0,0.0,1.0
55,56,47,49,20.0,0,3,2,4,4,3,3,2,4,4,0,1,0,1.0,0.0,0.0,0.0,0.0,0,1,0,0,0,0,0,0,1,0,0,1,1,0,0,1,0,0,1,0,0,0,0.0,0.0,1.0,0.0,1.0,1.0
60,44,43,22,19.0,1,5,5,3,5,3,3,5,3,3,1,0,0,0.0,1.0,1.0,0.0,1.0,1,0,0,0,0,0,0,1,0,0,1,0,0,1,0,1,0,0,1,0,0,0,1.0,0.0,0.0,0.0,1.0,1.0
54,49,75,71,21.0,1,3,3,2,2,2,3,3,2,3,0,1,0,1.0,1.0,0.0,0.0,0.0,1,0,0,0,0,0,0,1,0,0,0,1,0,0,1,0,0,1,1,0,0,0,0.0,1.0,0.0,1.0,1.0,0.0
64,63,67,69,24.0,1,3,4,4,4,4,3,4,4,4,0,1,0,0.0,0.0,1.0,0.0,0.0,0,0,1,0,0,0,0,1,0,0,0,1,1,0,0,0,1,0,0,0,0,1,0.0,1.0,1.0,1.0,0.0,0.0
63,51,75,54,23.0,1,2,2,2,4,1,4,2,1,2,1,0,0,0.0,1.0,0.0,0.0,0.0,0,0,1,0,0,0,0,1,0,1,0,0,1,0,0,1,0,0,0,0,1,0,1.0,0.0,0.0,0.0,1.0,1.0
59,52,57,51,20.0,1,3,3,3,5,3,4,3,2,3,1,0,0,0.0,1.0,1.0,1.0,0.0,1,0,0,0,0,1,0,0,0,1,0,0,1,0,0,0,1,0,1,0,0,0,1.0,0.0,0.0,1.0,0.0,1.0
43,51,40,57,30.0,1,4,4,5,5,3,4,1,3,3,1,0,0,1.0,0.0,0.0,0.0,0.0,1,0,0,0,0,0,0,1,0,0,0,1,1,0,0,1,0,0,1,0,0,0,1.0,0.0,0.0,0.0,1.0,1.0
54,49,43,61,23.0,1,4,4,4,4,4,4,4,4,4,1,0,0,1.0,0.0,0.0,1.0,1.0,1,0,0,0,0,0,0,1,0,0,0,1,1,0,0,1,0,0,1,0,0,0,1.0,0.0,0.0,1.0,1.0,0.0
41,49,48,58,18.0,0,4,5,4,4,3,5,4,4,3,0,1,0,1.0,1.0,1.0,0.0,0.0,1,0,0,0,0,1,0,0,0,0,1,0,0,1,0,1,0,0,1,0,0,0,1.0,0.0,0.0,1.0,1.0,0.0
24,66,70,46,23.0,1,3,2,2,4,4,4,1,3,4,1,0,0,0.0,0.0,1.0,1.0,1.0,1,0,0,0,0,0,0,1,0,0,0,1,1,0,0,0,1,0,0,0,1,0,1.0,0.0,0.0,1.0,0.0,1.0
79,69,34,82,23.0,1,4,4,4,4,4,5,4,4,2,1,0,0,0.0,1.0,0.0,0.0,0.0,1,0,0,0,0,0,0,1,0,0,1,0,1,0,0,0,1,0,1,0,0,0,0.0,0.0,1.0,0.0,1.0,1.0
48,49,49,53,20.0,0,2,4,1,2,3,3,2,3,3,0,1,0,1.0,0.0,0.0,0.0,0.0,1,0,0,0,0,0,0,1,0,0,0,1,0,1,0,1,0,0,0,0,1,0,1.0,0.0,1.0,0.0,1.0,0.0
46,42,46,37,19.0,0,3,3,3,5,3,2,2,1,3,1,0,0,1.0,1.0,1.0,0.0,0.0,1,0,0,0,0,0,0,1,0,1,0,0,0,1,0,1,0,0,1,0,0,0,0.0,0.0,0.0,1.0,1.0,1.0
42,50,50,49,22.0,0,3,3,4,4,2,4,3,4,3,1,0,0,0.0,1.0,0.0,0.0,0.0,1,0,0,0,0,0,0,1,0,0,1,0,0,1,0,1,0,0,1,0,0,0,1.0,1.0,0.0,0.0,0.0,1.0
49,64,53,58,24.0,0,3,2,4,3,3,3,2,3,3,1,0,0,1.0,1.0,1.0,0.0,0.0,0,0,1,0,0,0,0,1,0,0,1,0,0,1,0,1,0,0,1,0,0,0,1.0,0.0,0.0,1.0,0.0,1.0
61,60,61,53,23.0,1,2,3,3,4,2,4,4,2,1,0,1,0,0.0,1.0,1.0,0.0,0.0,1,0,0,0,0,0,0,1,0,0,0,1,1,0,0,0,1,0,1,0,0,0,1.0,1.0,0.0,1.0,0.0,0.0
25,22,30,36,21.0,1,1,1,1,1,1,1,1,1,1,0,1,0,1.0,0.0,0.0,0.0,0.0,1,0,0,0,0,1,0,0,0,0,0,1,0,1,0,1,0,0,1,0,0,0,1.0,1.0,1.0,0.0,0.0,0.0
47,53,50,50,20.0,1,3,1,3,1,4,3,4,2,3,1,0,0,0.0,0.0,1.0,0.0,0.0,0,1,0,0,0,0,0,1,0,0,1,0,1,0,0,1,0,0,1,0,0,0,1.0,1.0,1.0,0.0,0.0,0.0
43,57,55,57,22.0,0,1,2,1,3,3,1,1,3,3,1,0,0,1.0,0.0,0.0,0.0,0.0,0,0,1,0,0,0,0,1,0,0,0,1,0,1,0,1,0,0,1,0,0,0,1.0,1.0,1.0,0.0,0.0,0.0
71,31,39,33,21.0,0,3,5,4,5,3,5,2,3,3,0,1,0,1.0,1.0,1.0,0.0,0.0,0,1,0,0,0,0,0,1,0,0,1,0,1,0,0,0,1,0,1,0,0,0,0.0,0.0,1.0,0.0,1.0,1.0
41,50,45,51,19.0,1,3,4,1,4,1,4,1,5,1,0,1,0,0.0,0.0,0.0,1.0,0.0,1,0,0,0,0,1,0,0,0,0,0,1,0,1,0,1,0,0,1,0,0,0,1.0,0.0,0.0,0.0,1.0,1.0
34,64,65,54,32.0,1,4,4,3,3,3,5,3,5,4,1,0,0,1.0,1.0,0.0,1.0,0.0,0,0,1,0,0,0,0,1,0,0,0,1,1,0,0,1,0,0,0,0,0,1,0.0,1.0,0.0,1.0,0.0,1.0
70,37,48,63,23.0,0,3,3,3,3,3,4,4,3,4,1,0,0,1.0,0.0,0.0,0.0,0.0,1,0,0,0,0,0,0,1,0,0,1,0,1,0,0,1,0,0,1,0,0,0,1.0,0.0,0.0,1.0,0.0,1.0
57,38,15,40,27.0,1,3,3,4,5,3,4,1,3,3,1,0,0,0.0,1.0,1.0,0.0,0.0,0,0,1,0,0,0,0,1,0,0,0,1,1,0,0,1,0,0,0,0,0,1,1.0,0.0,0.0,1.0,0.0,1.0
41,50,54,43,25.0,0,2,4,4,4,4,4,4,4,4,1,0,0,1.0,1.0,1.0,0.0,0.0,0,1,0,0,0,0,0,1,0,0,0,1,1,0,0,0,1,0,1,0,0,0,0.0,0.0,0.0,1.0,1.0,1.0
48,52,34,63,24.0,0,3,3,4,3,3,3,2,2,4,1,0,0,1.0,1.0,0.0,0.0,1.0,1,0,0,0,0,0,0,1,0,1,0,0,0,1,0,1,0,0,1,0,0,0,1.0,0.0,0.0,0.0,1.0,1.0
38,60,44,33,23.0,1,4,4,4,4,3,5,2,5,3,1,0,0,1.0,1.0,1.0,0.0,0.0,1,0,0,0,0,0,0,1,0,0,1,0,1,0,0,1,0,0,1,0,0,0,1.0,0.0,0.0,0.0,1.0,1.0
53,54,49,51,23.0,1,3,3,3,4,3,3,2,3,3,1,0,0,1.0,1.0,0.0,0.0,1.0,0,0,1,0,0,0,0,1,0,0,1,0,0,1,0,1,0,0,1,0,0,0,1.0,0.0,1.0,0.0,0.0,1.0
55,46,82,65,24.0,0,1,3,5,1,3,3,5,3,3,1,0,0,1.0,1.0,1.0,0.0,0.0,0,0,1,0,0,0,0,1,0,0,1,0,0,1,0,1,0,0,1,0,0,0,1.0,1.0,1.0,0.0,0.0,0.0
49,58,46,49,23.0,1,3,3,3,5,3,5,1,3,3,1,0,0,1.0,1.0,0.0,0.0,1.0,0,0,1,0,0,0,0,1,0,0,1,0,1,0,0,1,0,0,1,0,0,0,0.0,0.0,0.0,1.0,1.0,1.0
61,48,57,45,22.0,0,3,3,4,4,4,4,4,4,3,0,1,0,1.0,1.0,1.0,0.0,0.0,0,0,1,1,0,0,0,0,0,0,1,0,0,1,0,1,0,0,0,0,0,1,1.0,1.0,0.0,1.0,0.0,0.0
47,51,49,53,23.0,0,3,4,4,4,3,5,4,5,4,1,0,0,1.0,1.0,1.0,0.0,0.0,1,0,0,0,0,0,0,1,0,0,0,1,0,0,1,0,0,1,1,0,0,0,1.0,0.0,0.0,0.0,1.0,1.0
82,55,46,79,33.0,1,4,5,4,3,3,5,1,5,4,1,0,0,1.0,1.0,0.0,1.0,0.0,0,0,1,0,0,0,0,1,0,0,0,1,1,0,0,1,0,0,0,0,0,1,1.0,0.0,0.0,1.0,0.0,1.0
57,34,25,39,20.0,1,3,4,4,5,3,4,3,2,2,1,0,0,1.0,1.0,1.0,0.0,0.0,1,0,0,0,0,0,0,1,0,0,0,1,1,0,0,1,0,0,1,0,0,0,1.0,1.0,0.0,0.0,1.0,0.0
56,59,71,71,23.0,1,5,5,3,4,5,5,2,5,5,0,1,0,1.0,0.0,1.0,0.0,1.0,0,0,1,0,0,1,0,0,0,0,1,0,1,0,0,1,0,0,0,1,0,0,1.0,1.0,0.0,1.0,0.0,0.0
10,37,33,39,24.0,0,3,3,3,4,3,5,1,4,3,0,1,0,0.0,1.0,0.0,1.0,0.0,1,0,0,0,0,1,0,0,0,0,1,0,0,1,0,1,0,0,1,0,0,0,0.0,1.0,0.0,0.0,1.0,1.0
73,55,39,58,20.0,0,3,3,3,4,3,5,1,3,3,1,0,0,1.0,1.0,0.0,0.0,0.0,1,0,0,0,0,0,0,1,0,0,1,0,1,0,0,1,0,0,0,0,1,0,1.0,0.0,0.0,0.0,1.0,1.0
60,37,82,71,21.0,0,4,4,3,5,3,4,4,4,3,0,1,0,1.0,1.0,0.0,1.0,0.0,1,0,0,0,0,0,0,0,1,0,0,1,0,1,0,0,1,0,1,0,0,0,1.0,0.0,0.0,0.0,1.0,1.0
43,33,39,22,23.0,0,3,4,3,4,4,4,4,3,4,1,0,0,0.0,1.0,0.0,1.0,1.0,0,0,1,0,0,0,0,1,0,0,1,0,0,0,1,0,1,0,0,1,0,0,0.0,1.0,0.0,1.0,0.0,1.0
42,58,44,56,22.0,1,4,3,4,3,4,3,3,5,3,0,1,0,1.0,0.0,0.0,1.0,1.0,0,1,0,0,0,1,0,0,0,0,1,0,0,1,0,0,1,0,0,1,0,0,1.0,1.0,1.0,0.0,0.0,0.0
86,74,76,82,21.0,1,1,1,1,1,1,1,3,1,1,1,0,0,0.0,1.0,0.0,0.0,0.0,1,0,0,0,1,0,0,0,0,0,0,1,0,1,0,1,0,0,0,1,0,0,1.0,1.0,0.0,0.0,1.0,0.0
35,31,34,71,21.0,1,3,3,5,3,4,4,1,4,4,1,0,0,0.0,1.0,0.0,1.0,0.0,1,0,0,0,0,1,0,0,0,0,0,1,0,1,0,1,0,0,1,0,0,0,1.0,0.0,0.0,0.0,1.0,1.0
69,71,51,53,23.0,1,4,4,4,4,4,5,3,4,5,0,1,0,0.0,1.0,0.0,1.0,1.0,1,0,0,0,0,0,1,0,0,0,0,1,1,0,0,0,1,0,1,0,0,0,1.0,1.0,0.0,0.0,0.0,1.0
42,44,39,33,21.0,1,4,5,4,4,3,5,4,3,3,0,1,0,1.0,1.0,0.0,1.0,0.0,1,0,0,0,0,0,0,0,1,0,0,1,0,1,0,0,1,0,1,0,0,0,1.0,0.0,0.0,1.0,0.0,1.0
62,64,65,33,21.0,1,5,5,2,4,1,5,1,4,2,0,1,0,1.0,0.0,0.0,0.0,0.0,1,0,0,0,0,1,0,0,0,1,0,0,1,0,0,1,0,0,1,0,0,0,1.0,0.0,0.0,1.0,0.0,1.0
47,41,37,32,23.0,0,3,3,3,4,2,4,2,4,4,1,0,0,1.0,1.0,1.0,0.0,0.0,0,0,1,0,0,0,0,1,0,0,1,0,1,0,0,1,0,0,1,0,0,0,1.0,0.0,0.0,0.0,1.0,1.0
41,82,67,64,36.0,0,5,5,5,5,4,5,5,5,5,0,1,0,1.0,1.0,0.0,1.0,0.0,1,0,0,0,0,0,0,0,1,1,0,0,0,1,0,0,0,1,0,1,0,0,1.0,1.0,0.0,0.0,1.0,0.0
11,73,40,63,21.0,1,3,4,3,3,3,4,1,4,3,1,0,0,1.0,1.0,0.0,0.0,1.0,1,0,0,0,0,0,0,1,0,0,1,0,0,1,0,1,0,0,1,0,0,0,1.0,0.0,0.0,1.0,0.0,1.0
28,76,21,14,23.0,0,2,2,5,3,2,5,1,4,2,1,0,0,1.0,1.0,0.0,0.0,0.0,1,0,0,1,0,0,0,0,0,0,1,0,0,1,0,1,0,0,1,0,0,0,1.0,0.0,0.0,1.0,0.0,1.0
13,31,32,49,21.0,1,2,3,3,3,4,4,1,3,4,1,0,0,1.0,1.0,0.0,1.0,0.0,1,0,0,0,0,0,0,0,1,0,1,0,1,0,0,1,0,0,0,1,0,0,1.0,0.0,0.0,1.0,1.0,0.0
35,26,72,17,21.0,1,5,5,5,5,4,5,3,5,4,1,0,0,1.0,1.0,1.0,0.0,0.0,1,0,0,0,0,1,0,0,0,0,1,0,1,0,0,0,1,0,0,0,0,1,0.0,0.0,0.0,1.0,1.0,1.0
66,59,37,27,21.0,1,2,4,5,4,5,4,3,4,5,1,0,0,0.0,0.0,0.0,1.0,0.0,0,1,0,0,0,0,0,1,0,1,0,0,1,0,0,1,0,0,1,0,0,0,1.0,1.0,0.0,0.0,0.0,1.0
29,30,52,35,21.0,0,3,4,4,5,4,5,1,5,3,0,1,0,1.0,1.0,0.0,0.0,1.0,0,0,1,0,0,1,0,0,0,0,0,1,0,1,0,1,0,0,0,0,1,0,0.0,0.0,1.0,1.0,0.0,1.0
35,35,57,29,24.0,0,3,4,4,5,2,4,1,5,3,1,0,0,1.0,1.0,1.0,0.0,0.0,0,0,1,0,0,1,0,0,0,0,0,1,0,1,0,1,0,0,0,0,0,1,1.0,0.0,0.0,1.0,1.0,0.0
60,46,70,68,20.0,0,4,3,2,4,3,4,3,5,4,0,1,0,0.0,1.0,1.0,0.0,1.0,1,0,0,0,0,0,0,0,1,0,1,0,0,1,0,1,0,0,0,0,0,1,1.0,0.0,0.0,1.0,1.0,0.0
90,35,47,32,26.0,1,2,3,4,2,2,4,3,4,5,0,1,0,1.0,1.0,0.0,0.0,1.0,0,0,1,0,0,0,0,0,1,0,0,1,1,0,0,1,0,0,0,1,0,0,0.0,1.0,0.0,1.0,0.0,1.0
75,58,60,80,22.0,0,3,2,3,4,4,4,1,3,4,1,0,0,1.0,1.0,0.0,1.0,0.0,1,0,0,0,0,0,0,1,0,0,1,0,0,1,0,1,0,0,1,0,0,0,1.0,0.0,0.0,0.0,1.0,1.0
82,90,61,70,21.0,0,4,4,4,4,4,4,4,4,4,0,1,0,0.0,1.0,0.0,0.0,0.0,0,0,1,0,0,1,0,0,0,0,0,1,0,1,0,1,0,0,0,0,1,0,0.0,0.0,1.0,0.0,1.0,1.0
63,67,56,64,25.0,0,3,3,3,3,5,4,5,3,3,1,0,0,1.0,1.0,1.0,0.0,0.0,0,0,1,0,0,0,0,0,1,0,1,0,1,0,0,1,0,0,1,0,0,0,0.0,0.0,1.0,0.0,1.0,1.0
